{
    "key": "group_5d9496bd926c9",
    "title": "Collection",
    "fields": [
        {
            "key": "field_5d9496c0c7059",
            "label": "Name",
            "name": "name",
            "type": "text",
            "instructions": "",
            "required": 1,
            "conditional_logic": 0,
            "wrapper": {
                "width": "",
                "class": "",
                "id": ""
            },
            "show_in_graphql": 1,
            "default_value": "",
            "placeholder": "",
            "prepend": "",
            "append": "",
            "maxlength": ""
        },
        {
            "key": "field_5da0721747fd2",
            "label": "Use Collection Rules from Site Config",
            "name": "use_collection_rules",
            "type": "true_false",
            "instructions": "If set to true, please enter all relevant destination fields",
            "required": 0,
            "conditional_logic": 0,
            "wrapper": {
                "width": "",
                "class": "",
                "id": ""
            },
            "show_in_graphql": 1,
            "message": "",
            "default_value": 0,
            "ui": 0,
            "ui_on_text": "",
            "ui_off_text": ""
        },
        {
            "key": "field_5e00e5b68c1e9",
            "label": "Show In Collection Tree",
            "name": "in_tree",
            "type": "true_false",
            "instructions": "Display on the search page in the collection tree",
            "required": 0,
            "conditional_logic": 0,
            "wrapper": {
                "width": "",
                "class": "",
                "id": ""
            },
            "show_in_graphql": 1,
            "message": "",
            "default_value": 1,
            "ui": 0,
            "ui_on_text": "",
            "ui_off_text": ""
        },
        {
            "key": "field_5f1573f157394",
            "label": "Show In Nested Searchbar Selector",
            "name": "in_nested_selector",
            "type": "true_false",
            "instructions": "Display in the search dropdown widget (if using the nested selector and NOT autocomplete).",
            "required": 0,
            "conditional_logic": 0,
            "wrapper": {
                "width": "",
                "class": "",
                "id": ""
            },
            "show_in_graphql": 1,
            "message": "",
            "default_value": 1,
            "ui": 0,
            "ui_on_text": "",
            "ui_off_text": ""
        },
        {
            "key": "field_5e7c98d6768e6",
            "label": "Collection Type",
            "name": "collection_type",
            "type": "select",
            "instructions": "",
            "required": 1,
            "conditional_logic": 0,
            "wrapper": {
                "width": "",
                "class": "",
                "id": ""
            },
            "show_in_graphql": 1,
            "choices": {
                "mixed": "Mixed",
                "destination": "Destination Only",
                "feature": "Feature Only"
            },
            "default_value": [
                "mixed"
            ],
            "allow_null": 0,
            "multiple": 0,
            "ui": 0,
            "return_format": "value",
            "ajax": 0,
            "placeholder": ""
        },
        {
            "key": "field_5d949736c705c",
            "label": "Destination",
            "name": "destination",
            "type": "group",
            "instructions": "",
            "required": 0,
            "conditional_logic": [
                [
                    {
                        "field": "field_5e7c98d6768e6",
                        "operator": "==",
                        "value": "destination"
                    }
                ],
                [
                    {
                        "field": "field_5e7c98d6768e6",
                        "operator": "==",
                        "value": "mixed"
                    }
                ],
                [
                    {
                        "field": "field_5da0721747fd2",
                        "operator": "==",
                        "value": "1"
                    }
                ]
            ],
            "wrapper": {
                "width": "",
                "class": "",
                "id": ""
            },
            "show_in_graphql": 1,
            "layout": "block",
            "sub_fields": [
                {
                    "key": "field_5df8b1a1b8b3c",
                    "label": "Destination Type",
                    "name": "type",
                    "type": "select",
                    "instructions": "",
                    "required": 0,
                    "conditional_logic": 0,
                    "wrapper": {
                        "width": "",
                        "class": "",
                        "id": ""
                    },
                    "show_in_graphql": 1,
                    "choices": {
                        "country": "Country",
                        "region": "Region (County \/ State)",
                        "innerRegion": "Inner Region (Area)",
                        "town": "Town \/ City",
                        "neighborhood": "Neighborhood"
                    },
                    "default_value": [],
                    "allow_null": 1,
                    "multiple": 0,
                    "ui": 0,
                    "return_format": "value",
                    "ajax": 0,
                    "placeholder": ""
                },
                {
                    "key": "field_5df8decdb8b3d",
                    "label": "Destination Name",
                    "name": "name",
                    "type": "text",
                    "instructions": "",
                    "required": 0,
                    "conditional_logic": 0,
                    "wrapper": {
                        "width": "",
                        "class": "",
                        "id": ""
                    },
                    "show_in_graphql": 1,
                    "default_value": "",
                    "placeholder": "",
                    "prepend": "",
                    "append": "",
                    "maxlength": ""
                },
                {
                    "key": "field_5f310d8e3483d",
                    "label": "Bounding Box",
                    "name": "bounding_box",
                    "type": "map_bbox",
                    "instructions": "",
                    "required": 0,
                    "conditional_logic": 0,
                    "wrapper": {
                        "width": "",
                        "class": "",
                        "id": ""
                    },
                    "show_in_graphql": 1,
                    "font_size": 14,
                    "height": "",
                    "center_lat": "",
                    "center_lng": "",
                    "zoom": "",
                    "coordinates": ""
                }
            ]
        },
        {
            "key": "field_5e7c99b9768e8",
            "label": "Filters",
            "name": "filters",
            "type": "repeater",
            "instructions": "",
            "required": 0,
            "conditional_logic": 0,
            "wrapper": {
                "width": "",
                "class": "",
                "id": ""
            },
            "show_in_graphql": 1,
            "collapsed": "",
            "min": 0,
            "max": 0,
            "layout": "table",
            "button_label": "",
            "sub_fields": [
                {
                    "key": "field_5e7c99cc768e9",
                    "label": "Filter Key",
                    "name": "filter_key",
                    "type": "text",
                    "instructions": "",
                    "required": 1,
                    "conditional_logic": 0,
                    "wrapper": {
                        "width": "",
                        "class": "",
                        "id": ""
                    },
                    "show_in_graphql": 1,
                    "default_value": "",
                    "placeholder": "",
                    "prepend": "",
                    "append": "",
                    "maxlength": ""
                },
                {
                    "key": "field_5e7c99df768ea",
                    "label": "Filter Value",
                    "name": "filter_value",
                    "type": "text",
                    "instructions": "",
                    "required": 1,
                    "conditional_logic": 0,
                    "wrapper": {
                        "width": "",
                        "class": "",
                        "id": ""
                    },
                    "show_in_graphql": 1,
                    "default_value": "",
                    "placeholder": "",
                    "prepend": "",
                    "append": "",
                    "maxlength": ""
                }
            ]
        }
    ],
    "location": [
        [
            {
                "param": "post_type",
                "operator": "==",
                "value": "collections"
            }
        ]
    ],
    "menu_order": 2,
    "position": "acf_after_title",
    "style": "default",
    "label_placement": "top",
    "instruction_placement": "label",
    "hide_on_screen": "",
    "active": 1,
    "description": "",
    "show_in_graphql": 1,
    "graphql_field_name": "collection",
    "modified": 1597222425
}