{
    "key": "group_5ee21d4e48f52",
    "title": "Options: Translations",
    "fields": [
        {
            "key": "field_5ee21d550c504",
            "label": "Translations",
            "name": "translations",
            "type": "acf_code_field",
            "instructions": "",
            "required": 0,
            "conditional_logic": 0,
            "wrapper": {
                "width": "",
                "class": "",
                "id": ""
            },
            "show_in_graphql": 1,
            "default_value": "{}",
            "placeholder": "",
            "mode": "javascript",
            "theme": "monokai"
        }
    ],
    "location": [
        [
            {
                "param": "options_page",
                "operator": "==",
                "value": "acf-options-translations"
            }
        ]
    ],
    "menu_order": 0,
    "position": "normal",
    "style": "default",
    "label_placement": "top",
    "instruction_placement": "label",
    "hide_on_screen": "",
    "active": 1,
    "description": "",
    "show_in_graphql": 1,
    "graphql_field_name": "translationMessages",
    "modified": 1595941024
}