{
    "key": "group_5ddfebf6076ab",
    "title": "Page Options",
    "fields": [
        {
            "key": "field_5f2d294717e17",
            "label": "Show Page Header",
            "name": "show_page_header",
            "type": "true_false",
            "instructions": "Show page header (if Hero Gallery, Cover & Heading are not the first blocks)",
            "required": 0,
            "conditional_logic": 0,
            "wrapper": {
                "width": "",
                "class": "",
                "id": ""
            },
            "show_in_graphql": 1,
            "message": "",
            "default_value": 1,
            "ui": 0,
            "ui_on_text": "",
            "ui_off_text": ""
        }
    ],
    "location": [
        [
            {
                "param": "post_type",
                "operator": "==",
                "value": "page"
            }
        ],
        [
            {
                "param": "post_type",
                "operator": "==",
                "value": "post"
            }
        ],
        [
          {
              "param": "post_type",
              "operator": "==",
              "value": "hubs"
          }
      ]
    ],
    "menu_order": 0,
    "position": "acf_after_title",
    "style": "default",
    "label_placement": "top",
    "instruction_placement": "label",
    "hide_on_screen": "",
    "active": true,
    "description": "",
    "show_in_graphql": 1,
    "graphql_field_name": "pageOptions",
    "modified": 1624533990
}