{
    "key": "group_5ee20042f10d9",
    "title": "Options: Config",
    "fields": [
        {
            "key": "field_5ee0be1528501",
            "label": "Site Config",
            "name": "site_config",
            "type": "acf_code_field",
            "instructions": "",
            "required": 0,
            "conditional_logic": 0,
            "wrapper": {
                "width": "",
                "class": "",
                "id": ""
            },
            "default_value": "{}",
            "placeholder": "",
            "mode": "javascript",
            "theme": "monokai"
        }
    ],
    "location": [
        [
            {
                "param": "options_page",
                "operator": "==",
                "value": "acf-options-config"
            }
        ]
    ],
    "menu_order": 0,
    "position": "normal",
    "style": "default",
    "label_placement": "top",
    "instruction_placement": "label",
    "hide_on_screen": "",
    "active": 1,
    "description": "",
    "show_in_graphql": 1,
    "graphql_field_name": "siteConfig",
    "modified": 1615990242
}