{
    "key": "group_5e3d2cecb99e6",
    "title": "SEO",
    "fields": [
        {
            "key": "field_5e3d2cf147c16",
            "label": "Title",
            "name": "seo_title",
            "type": "text",
            "instructions": "",
            "required": 0,
            "conditional_logic": 0,
            "wrapper": {
                "width": "",
                "class": "",
                "id": ""
            },
            "default_value": "",
            "placeholder": "",
            "prepend": "",
            "append": "",
            "maxlength": ""
        },
        {
            "key": "field_5e3d2d0047c17",
            "label": "Meta Description",
            "name": "seo_meta_description",
            "type": "text",
            "instructions": "",
            "required": 0,
            "conditional_logic": 0,
            "wrapper": {
                "width": "",
                "class": "",
                "id": ""
            },
            "default_value": "",
            "placeholder": "",
            "prepend": "",
            "append": "",
            "maxlength": ""
        }
    ],
    "location": [
        [
            {
                "param": "post_type",
                "operator": "==",
                "value": "post"
            }
        ],
        [
            {
                "param": "post_type",
                "operator": "==",
                "value": "page"
            }
        ],
        [
            {
                "param": "post_type",
                "operator": "==",
                "value": "collections"
            }
        ],
        [
            {
                "param": "post_type",
                "operator": "==",
                "value": "experiences"
            }
        ],
        [
            {
                "param": "taxonomy",
                "operator": "==",
                "value": "category"
            }
        ],
        [
          {
              "param": "post_type",
              "operator": "==",
              "value": "hubs"
          }
      ]
    ],
    "menu_order": 1,
    "position": "acf_after_title",
    "style": "default",
    "label_placement": "top",
    "instruction_placement": "label",
    "hide_on_screen": "",
    "active": true,
    "description": "",
    "show_in_graphql": 1,
    "graphql_field_name": "seo",
    "modified": 1624358304
}