{
    "key": "group_5ddd3fcdc3b5b",
    "title": "Relationships",
    "fields": [
        {
            "key": "field_5e562f92d2a2b",
            "label": "Parents",
            "name": "element_parents",
            "type": "relationship",
            "instructions": "",
            "required": 0,
            "conditional_logic": 0,
            "wrapper": {
                "width": "",
                "class": "",
                "id": ""
            },
            "post_type": [
                "post",
                "page",
                "collections",
                "experiences",
                "hubs"
            ],
            "taxonomy": "",
            "filters": [
                "search",
                "post_type",
                "taxonomy"
            ],
            "elements": [
                "featured_image"
            ],
            "min": "",
            "max": "",
            "return_format": "object"
        },
        {
            "key": "field_5e562fbfd2a2c",
            "label": "Children",
            "name": "element_children",
            "type": "relationship",
            "instructions": "",
            "required": 0,
            "conditional_logic": 0,
            "wrapper": {
                "width": "",
                "class": "",
                "id": ""
            },
            "post_type": [
                "post",
                "page",
                "collections",
                "experiences",
                "hubs"
            ],
            "taxonomy": "",
            "filters": [
                "search",
                "post_type",
                "taxonomy"
            ],
            "elements": [
                "featured_image"
            ],
            "min": "",
            "max": "",
            "return_format": "object"
        }
    ],
    "location": [
        [
            {
                "param": "post_type",
                "operator": "==",
                "value": "post"
            }
        ],
        [
            {
                "param": "post_type",
                "operator": "==",
                "value": "page"
            }
        ],
        [
            {
                "param": "post_type",
                "operator": "==",
                "value": "collections"
            }
        ],
        [
            {
                "param": "post_type",
                "operator": "==",
                "value": "experiences"
            }
        ],
        [
          {
              "param": "post_type",
              "operator": "==",
              "value": "hubs"
          }
      ]
    ],
    "menu_order": 3,
    "position": "acf_after_title",
    "style": "default",
    "label_placement": "top",
    "instruction_placement": "label",
    "hide_on_screen": "",
    "active": 1,
    "description": "",
    "show_in_graphql": 1,
    "graphql_field_name": "relationships",
    "modified": 1595941052
}