{
    "key": "group_5ca62a94883f3",
    "title": "Experience",
    "fields": [
        {
            "key": "field_5ca62f9d0da2d",
            "label": "Listing Info",
            "name": "listing",
            "type": "group",
            "instructions": "",
            "required": 0,
            "conditional_logic": 0,
            "wrapper": {
                "width": "",
                "class": "",
                "id": ""
            },
            "wpml_cf_preferences": 1,
            "layout": "block",
            "sub_fields": [
                {
                    "key": "field_5ca63aaf77a7b",
                    "label": "Gallery",
                    "name": "gallery",
                    "type": "gallery",
                    "instructions": "",
                    "required": 0,
                    "conditional_logic": 0,
                    "wrapper": {
                        "width": "",
                        "class": "",
                        "id": ""
                    },
                    "min": "",
                    "max": "",
                    "insert": "append",
                    "library": "all",
                    "min_width": "",
                    "min_height": "",
                    "min_size": "",
                    "max_width": "",
                    "max_height": "",
                    "max_size": "",
                    "mime_types": "",
                    "wpml_cf_preferences": 1,
                    "return_format": "array",
                    "preview_size": "medium"
                },
                {
                    "key": "field_5ca62feb0da2e",
                    "label": "Location",
                    "name": "location",
                    "type": "google_map",
                    "instructions": "",
                    "required": 0,
                    "conditional_logic": 0,
                    "wrapper": {
                        "width": "",
                        "class": "",
                        "id": ""
                    },
                    "center_lat": "",
                    "center_lng": "",
                    "zoom": "",
                    "height": "",
                    "wpml_cf_preferences": 1
                },
                {
                    "key": "field_5f9bfbecf1a51",
                    "label": "Map Item",
                    "name": "map_item",
                    "type": "group",
                    "instructions": "",
                    "required": 0,
                    "conditional_logic": [
                        [
                            {
                                "field": "field_5ca62feb0da2e",
                                "operator": "!=empty"
                            }
                        ]
                    ],
                    "wrapper": {
                        "width": "",
                        "class": "",
                        "id": ""
                    },
                    "show_in_graphql": 1,
                    "layout": "block",
                    "sub_fields": [
                        {
                            "key": "field_5f9be4988ee98",
                            "label": "Show on Search Map",
                            "name": "on_search_map",
                            "type": "true_false",
                            "instructions": "",
                            "required": 0,
                            "conditional_logic": [
                                [
                                    {
                                        "field": "field_5ca62feb0da2e",
                                        "operator": "!=empty"
                                    }
                                ]
                            ],
                            "wrapper": {
                                "width": "",
                                "class": "",
                                "id": ""
                            },
                            "show_in_graphql": 1,
                            "message": "",
                            "default_value": 1,
                            "ui": 0,
                            "ui_on_text": "",
                            "ui_off_text": ""
                        },
                        {
                            "key": "field_5f9be4c08ee99",
                            "label": "Show on Property Map",
                            "name": "on_property_map",
                            "type": "true_false",
                            "instructions": "",
                            "required": 0,
                            "conditional_logic": [
                                [
                                    {
                                        "field": "field_5ca62feb0da2e",
                                        "operator": "!=empty"
                                    }
                                ]
                            ],
                            "wrapper": {
                                "width": "",
                                "class": "",
                                "id": ""
                            },
                            "show_in_graphql": 1,
                            "message": "",
                            "default_value": 1,
                            "ui": 0,
                            "ui_on_text": "",
                            "ui_off_text": ""
                        }
                    ]
                },
                {
                    "key": "field_5ca63423ea5df",
                    "label": "Address",
                    "name": "address",
                    "type": "text",
                    "instructions": "",
                    "required": 0,
                    "conditional_logic": 0,
                    "wrapper": {
                        "width": "",
                        "class": "",
                        "id": ""
                    },
                    "wpml_cf_preferences": 1,
                    "default_value": "",
                    "placeholder": "",
                    "prepend": "",
                    "append": "",
                    "maxlength": ""
                },
                {
                    "key": "field_5ca634e0ea5e0",
                    "label": "Telephone",
                    "name": "telephone",
                    "type": "text",
                    "instructions": "",
                    "required": 0,
                    "conditional_logic": 0,
                    "wrapper": {
                        "width": "",
                        "class": "",
                        "id": ""
                    },
                    "wpml_cf_preferences": 1,
                    "default_value": "",
                    "placeholder": "",
                    "prepend": "",
                    "append": "",
                    "maxlength": ""
                },
                {
                    "key": "field_5ca634f0ea5e1",
                    "label": "Email",
                    "name": "email",
                    "type": "email",
                    "instructions": "",
                    "required": 0,
                    "conditional_logic": 0,
                    "wrapper": {
                        "width": "",
                        "class": "",
                        "id": ""
                    },
                    "default_value": "",
                    "placeholder": "",
                    "prepend": "",
                    "append": "",
                    "wpml_cf_preferences": 1
                },
                {
                    "key": "field_5ca63503ea5e2",
                    "label": "Website",
                    "name": "website",
                    "type": "url",
                    "instructions": "",
                    "required": 0,
                    "conditional_logic": 0,
                    "wrapper": {
                        "width": "",
                        "class": "",
                        "id": ""
                    },
                    "default_value": "",
                    "placeholder": "",
                    "wpml_cf_preferences": 1
                },
                {
                    "key": "field_5ca635b2ea5e4",
                    "label": "Description",
                    "name": "description",
                    "type": "textarea",
                    "instructions": "",
                    "required": 0,
                    "conditional_logic": 0,
                    "wrapper": {
                        "width": "",
                        "class": "",
                        "id": ""
                    },
                    "wpml_cf_preferences": 1,
                    "default_value": "",
                    "placeholder": "",
                    "maxlength": "",
                    "rows": "",
                    "new_lines": "wpautop"
                }
            ]
        },
        {
            "key": "field_5ca637c0c9a9c",
            "label": "Ratings",
            "name": "ratings",
            "type": "group",
            "instructions": "",
            "required": 0,
            "conditional_logic": 0,
            "wrapper": {
                "width": "",
                "class": "",
                "id": ""
            },
            "wpml_cf_preferences": 1,
            "layout": "block",
            "sub_fields": [
                {
                    "key": "field_5ca637c0c9a9d",
                    "label": "Star Rating",
                    "name": "star_rating",
                    "type": "number",
                    "instructions": "",
                    "required": 0,
                    "conditional_logic": 0,
                    "wrapper": {
                        "width": "",
                        "class": "",
                        "id": ""
                    },
                    "wpml_cf_preferences": 1,
                    "default_value": "",
                    "placeholder": "",
                    "prepend": "",
                    "append": "",
                    "min": 1,
                    "max": 5,
                    "step": "0.1"
                },
                {
                    "key": "field_5ca637c0c9a9e",
                    "label": "Number of Reviews",
                    "name": "review_count",
                    "type": "number",
                    "instructions": "",
                    "required": 0,
                    "conditional_logic": 0,
                    "wrapper": {
                        "width": "",
                        "class": "",
                        "id": ""
                    },
                    "wpml_cf_preferences": 1,
                    "default_value": "",
                    "placeholder": "",
                    "prepend": "",
                    "append": "",
                    "min": "",
                    "max": "",
                    "step": 1
                },
                {
                    "key": "field_5ca637c0c9a9f",
                    "label": "Review Source",
                    "name": "review_source",
                    "type": "url",
                    "instructions": "",
                    "required": 0,
                    "conditional_logic": 0,
                    "wrapper": {
                        "width": "",
                        "class": "",
                        "id": ""
                    },
                    "wpml_cf_preferences": 1,
                    "default_value": "",
                    "placeholder": ""
                },
                {
                    "key": "field_5ca639be38bcf",
                    "label": "Last Checked",
                    "name": "last_checked",
                    "type": "date_picker",
                    "instructions": "",
                    "required": 0,
                    "conditional_logic": 0,
                    "wrapper": {
                        "width": "",
                        "class": "",
                        "id": ""
                    },
                    "display_format": "F j, Y",
                    "return_format": "F j, Y",
                    "first_day": 1,
                    "wpml_cf_preferences": 1
                }
            ]
        },
        {
            "key": "field_5ca637fcc9aab",
            "label": "Social",
            "name": "social",
            "type": "group",
            "instructions": "",
            "required": 0,
            "conditional_logic": 0,
            "wrapper": {
                "width": "",
                "class": "",
                "id": ""
            },
            "wpml_cf_preferences": 1,
            "layout": "block",
            "sub_fields": [
                {
                    "key": "field_5ca637fcc9ab5",
                    "label": "Facebook URL",
                    "name": "facebook",
                    "type": "url",
                    "instructions": "",
                    "required": 0,
                    "conditional_logic": 0,
                    "wrapper": {
                        "width": "",
                        "class": "",
                        "id": ""
                    },
                    "wpml_cf_preferences": 1,
                    "default_value": "",
                    "placeholder": ""
                },
                {
                    "key": "field_5ca637fcc9ab6",
                    "label": "TripAdvisor URL",
                    "name": "tripadvisor",
                    "type": "url",
                    "instructions": "",
                    "required": 0,
                    "conditional_logic": 0,
                    "wrapper": {
                        "width": "",
                        "class": "",
                        "id": ""
                    },
                    "wpml_cf_preferences": 1,
                    "default_value": "",
                    "placeholder": ""
                },
                {
                    "key": "field_5ca637fcc9ab7",
                    "label": "Twitter URL",
                    "name": "twitter",
                    "type": "url",
                    "instructions": "",
                    "required": 0,
                    "conditional_logic": 0,
                    "wrapper": {
                        "width": "",
                        "class": "",
                        "id": ""
                    },
                    "wpml_cf_preferences": 1,
                    "default_value": "",
                    "placeholder": ""
                },
                {
                    "key": "field_5ca637fcc9ab8",
                    "label": "Instagram URL",
                    "name": "instagram",
                    "type": "url",
                    "instructions": "",
                    "required": 0,
                    "conditional_logic": 0,
                    "wrapper": {
                        "width": "",
                        "class": "",
                        "id": ""
                    },
                    "wpml_cf_preferences": 1,
                    "default_value": "",
                    "placeholder": ""
                },
                {
                    "key": "field_5ca637fcc9ab9",
                    "label": "YouTube URL",
                    "name": "youtube",
                    "type": "url",
                    "instructions": "",
                    "required": 0,
                    "conditional_logic": 0,
                    "wrapper": {
                        "width": "",
                        "class": "",
                        "id": ""
                    },
                    "wpml_cf_preferences": 1,
                    "default_value": "",
                    "placeholder": ""
                }
            ]
        },
        {
            "key": "field_5cacdd9bd9c2c",
            "label": "Booking",
            "name": "booking",
            "type": "group",
            "instructions": "",
            "required": 0,
            "conditional_logic": 0,
            "wrapper": {
                "width": "",
                "class": "",
                "id": ""
            },
            "layout": "block",
            "wpml_cf_preferences": 1,
            "sub_fields": [
                {
                    "key": "field_5cadc5a2152be",
                    "label": "Price",
                    "name": "price",
                    "type": "group",
                    "instructions": "",
                    "required": 0,
                    "conditional_logic": 0,
                    "wrapper": {
                        "width": "",
                        "class": "",
                        "id": ""
                    },
                    "layout": "row",
                    "sub_fields": [
                        {
                            "key": "field_5cadc5a2152bf",
                            "label": "Price Per Person",
                            "name": "person_price",
                            "type": "number",
                            "instructions": "",
                            "required": 0,
                            "conditional_logic": 0,
                            "wrapper": {
                                "width": "",
                                "class": "",
                                "id": ""
                            },
                            "wpml_cf_preferences": 1,
                            "default_value": "",
                            "placeholder": "",
                            "prepend": "",
                            "append": "",
                            "min": "",
                            "max": "",
                            "step": ""
                        },
                        {
                            "key": "field_5cc2e69945e05",
                            "label": "Points Per Person",
                            "name": "person_points",
                            "type": "number",
                            "instructions": "",
                            "required": 0,
                            "conditional_logic": 0,
                            "wrapper": {
                                "width": "",
                                "class": "",
                                "id": ""
                            },
                            "default_value": "",
                            "placeholder": "",
                            "prepend": "",
                            "append": "",
                            "min": "",
                            "max": "",
                            "step": ""
                        },
                        {
                            "key": "field_5cc2dd2f94113",
                            "label": "Custom",
                            "name": "custom",
                            "type": "repeater",
                            "instructions": "",
                            "required": 0,
                            "conditional_logic": 0,
                            "wrapper": {
                                "width": "",
                                "class": "",
                                "id": ""
                            },
                            "collapsed": "",
                            "min": 0,
                            "max": 0,
                            "layout": "table",
                            "button_label": "Add Price",
                            "sub_fields": [
                                {
                                    "key": "field_5cc2dd5594115",
                                    "label": "Unit",
                                    "name": "unit",
                                    "type": "select",
                                    "instructions": "Per...",
                                    "required": 0,
                                    "conditional_logic": 0,
                                    "wrapper": {
                                        "width": "",
                                        "class": "",
                                        "id": ""
                                    },
                                    "choices": {
                                        "Person": "Person",
                                        "Adult": "Adult",
                                        "Child": "Child",
                                        "Infant": "Infant",
                                        "Senior": "Senior",
                                        "Week": "Week",
                                        "Day": "Day",
                                        "Hour": "Hour",
                                        "Minute": "Minute",
                                        "Second": "Second",
                                        "Custom": "Custom"
                                    },
                                    "default_value": [
                                        "Adult"
                                    ],
                                    "allow_null": 0,
                                    "multiple": 0,
                                    "ui": 0,
                                    "return_format": "value",
                                    "ajax": 0,
                                    "placeholder": ""
                                },
                                {
                                    "key": "field_5cc2de0794116",
                                    "label": "Custom Unit",
                                    "name": "custom_unit",
                                    "type": "text",
                                    "instructions": "",
                                    "required": 0,
                                    "conditional_logic": [
                                        [
                                            {
                                                "field": "field_5cc2dd5594115",
                                                "operator": "==",
                                                "value": "Custom"
                                            }
                                        ]
                                    ],
                                    "wrapper": {
                                        "width": "",
                                        "class": "",
                                        "id": ""
                                    },
                                    "default_value": "",
                                    "placeholder": "",
                                    "prepend": "",
                                    "append": "",
                                    "maxlength": ""
                                },
                                {
                                    "key": "field_5cc2dd4494114",
                                    "label": "Unit Price",
                                    "name": "unit_price",
                                    "type": "number",
                                    "instructions": "",
                                    "required": 0,
                                    "conditional_logic": 0,
                                    "wrapper": {
                                        "width": "",
                                        "class": "",
                                        "id": ""
                                    },
                                    "default_value": "",
                                    "placeholder": "",
                                    "prepend": "",
                                    "append": "",
                                    "min": "",
                                    "max": "",
                                    "step": ""
                                },
                                {
                                    "key": "field_5cc2e6c145e06",
                                    "label": "Unit Points",
                                    "name": "unit_points",
                                    "type": "number",
                                    "instructions": "",
                                    "required": 0,
                                    "conditional_logic": 0,
                                    "wrapper": {
                                        "width": "",
                                        "class": "",
                                        "id": ""
                                    },
                                    "default_value": "",
                                    "placeholder": "",
                                    "prepend": "",
                                    "append": "",
                                    "min": "",
                                    "max": "",
                                    "step": ""
                                }
                            ]
                        }
                    ]
                },
                {
                    "key": "field_5cadc25669b5b",
                    "label": "Restrictions",
                    "name": "restrictions",
                    "type": "group",
                    "instructions": "",
                    "required": 0,
                    "conditional_logic": 0,
                    "wrapper": {
                        "width": "",
                        "class": "",
                        "id": ""
                    },
                    "layout": "table",
                    "wpml_cf_preferences": 1,
                    "sub_fields": [
                        {
                            "key": "field_5cadc1c79caad",
                            "label": "Max Party Size",
                            "name": "max_party_size",
                            "type": "number",
                            "instructions": "",
                            "required": 0,
                            "conditional_logic": 0,
                            "wrapper": {
                                "width": "",
                                "class": "",
                                "id": ""
                            },
                            "default_value": "",
                            "placeholder": "",
                            "prepend": "",
                            "append": "",
                            "min": "",
                            "max": "",
                            "step": "",
                            "wpml_cf_preferences": 0
                        },
                        {
                            "key": "field_5cadc21c9caae",
                            "label": "Max Party Size Post Label",
                            "name": "max_party_size_post_label",
                            "type": "text",
                            "instructions": "(2 adults & 2 children)",
                            "required": 0,
                            "conditional_logic": 0,
                            "wrapper": {
                                "width": "",
                                "class": "",
                                "id": ""
                            },
                            "wpml_cf_preferences": 1,
                            "default_value": "",
                            "placeholder": "",
                            "prepend": "",
                            "append": "",
                            "maxlength": ""
                        },
                        {
                            "key": "field_5cadc01a5e3f0",
                            "label": "Duration",
                            "name": "duration",
                            "type": "text",
                            "instructions": "",
                            "required": 0,
                            "conditional_logic": 0,
                            "wrapper": {
                                "width": "",
                                "class": "",
                                "id": ""
                            },
                            "wpml_cf_preferences": 1,
                            "default_value": "",
                            "placeholder": "",
                            "prepend": "",
                            "append": "",
                            "maxlength": ""
                        },
                        {
                            "key": "field_5cadc0645e3f1",
                            "label": "Ages",
                            "name": "ages",
                            "type": "text",
                            "instructions": "",
                            "required": 0,
                            "conditional_logic": 0,
                            "wrapper": {
                                "width": "",
                                "class": "",
                                "id": ""
                            },
                            "wpml_cf_preferences": 1,
                            "default_value": "",
                            "placeholder": "",
                            "prepend": "",
                            "append": "",
                            "maxlength": ""
                        }
                    ]
                },
                {
                    "key": "field_5cadc2bf69b5c",
                    "label": "Booking Details",
                    "name": "booking_details",
                    "type": "group",
                    "instructions": "",
                    "required": 0,
                    "conditional_logic": 0,
                    "wrapper": {
                        "width": "",
                        "class": "",
                        "id": ""
                    },
                    "layout": "table",
                    "wpml_cf_preferences": 1,
                    "sub_fields": [
                        {
                            "key": "field_5cacddabd9c2d",
                            "label": "Is this experience bookable?",
                            "name": "is_bookable",
                            "type": "true_false",
                            "instructions": "",
                            "required": 0,
                            "conditional_logic": 0,
                            "wrapper": {
                                "width": "",
                                "class": "",
                                "id": ""
                            },
                            "message": "",
                            "default_value": 0,
                            "ui": 0,
                            "wpml_cf_preferences": 1,
                            "ui_on_text": "",
                            "ui_off_text": ""
                        },
                        {
                            "key": "field_5cacddc9d9c2e",
                            "label": "Booking Method",
                            "name": "booking_method",
                            "type": "select",
                            "instructions": "",
                            "required": 0,
                            "conditional_logic": [
                                [
                                    {
                                        "field": "field_5cacddabd9c2d",
                                        "operator": "==",
                                        "value": "1"
                                    }
                                ]
                            ],
                            "wrapper": {
                                "width": "",
                                "class": "",
                                "id": ""
                            },
                            "show_in_graphql": 1,
                            "choices": {
                                "url": "via URL"
                            },
                            "default_value": [
                                "url"
                            ],
                            "allow_null": 0,
                            "multiple": 0,
                            "ui": 0,
                            "return_format": "value",
                            "ajax": 0,
                            "placeholder": ""
                        },
                        {
                            "key": "field_5cacde24d9c2f",
                            "label": "Booking Url",
                            "name": "booking_url",
                            "type": "url",
                            "instructions": "",
                            "required": 0,
                            "conditional_logic": [
                                [
                                    {
                                        "field": "field_5cacddc9d9c2e",
                                        "operator": "==",
                                        "value": "url"
                                    }
                                ]
                            ],
                            "wrapper": {
                                "width": "",
                                "class": "",
                                "id": ""
                            },
                            "default_value": "",
                            "placeholder": "",
                            "wpml_cf_preferences": 1
                        }
                    ]
                }
            ]
        },
        {
            "key": "field_5ddd3876dd0e1",
            "label": "Event",
            "name": "event",
            "type": "group",
            "instructions": "",
            "required": 0,
            "conditional_logic": 0,
            "wrapper": {
                "width": "",
                "class": "",
                "id": ""
            },
            "show_in_graphql": 1,
            "layout": "block",
            "sub_fields": [
                {
                    "key": "field_5ddd3887dd0e2",
                    "label": "Is this an event?",
                    "name": "is_event",
                    "type": "true_false",
                    "instructions": "",
                    "required": 0,
                    "conditional_logic": 0,
                    "wrapper": {
                        "width": "",
                        "class": "",
                        "id": ""
                    },
                    "show_in_graphql": 1,
                    "message": "",
                    "default_value": 0,
                    "ui": 0,
                    "ui_on_text": "",
                    "ui_off_text": ""
                },
                {
                    "key": "field_5ddd38b6dd0e3",
                    "label": "Does this happen every year?",
                    "name": "annual",
                    "type": "true_false",
                    "instructions": "",
                    "required": 0,
                    "conditional_logic": [
                        [
                            {
                                "field": "field_5ddd3887dd0e2",
                                "operator": "==",
                                "value": "1"
                            }
                        ]
                    ],
                    "wrapper": {
                        "width": "",
                        "class": "",
                        "id": ""
                    },
                    "show_in_graphql": 1,
                    "message": "",
                    "default_value": 0,
                    "ui": 0,
                    "ui_on_text": "",
                    "ui_off_text": ""
                },
                {
                    "key": "field_5ddd38dcdd0e4",
                    "label": "Start Date",
                    "name": "start_date",
                    "type": "date_picker",
                    "instructions": "",
                    "required": 0,
                    "conditional_logic": [
                        [
                            {
                                "field": "field_5ddd3887dd0e2",
                                "operator": "==",
                                "value": "1"
                            }
                        ]
                    ],
                    "wrapper": {
                        "width": "",
                        "class": "",
                        "id": ""
                    },
                    "show_in_graphql": 1,
                    "display_format": "F j, Y",
                    "return_format": "Y-m-d",
                    "first_day": 1
                },
                {
                    "key": "field_5ddd390bdd0e5",
                    "label": "Start Time",
                    "name": "start_time",
                    "type": "time_picker",
                    "instructions": "",
                    "required": 0,
                    "conditional_logic": [
                        [
                            {
                                "field": "field_5ddd3887dd0e2",
                                "operator": "==",
                                "value": "1"
                            }
                        ]
                    ],
                    "wrapper": {
                        "width": "",
                        "class": "",
                        "id": ""
                    },
                    "show_in_graphql": 1,
                    "display_format": "g:i a",
                    "return_format": "H:i:s"
                },
                {
                    "key": "field_5ddd3944dd0e6",
                    "label": "End Date",
                    "name": "end_date",
                    "type": "date_picker",
                    "instructions": "",
                    "required": 0,
                    "conditional_logic": [
                        [
                            {
                                "field": "field_5ddd3887dd0e2",
                                "operator": "==",
                                "value": "1"
                            }
                        ]
                    ],
                    "wrapper": {
                        "width": "",
                        "class": "",
                        "id": ""
                    },
                    "show_in_graphql": 1,
                    "display_format": "F j, Y",
                    "return_format": "Y-m-d",
                    "first_day": 1
                },
                {
                    "key": "field_5ddd3953dd0e7",
                    "label": "End Time",
                    "name": "end_time",
                    "type": "time_picker",
                    "instructions": "",
                    "required": 0,
                    "conditional_logic": [
                        [
                            {
                                "field": "field_5ddd3887dd0e2",
                                "operator": "==",
                                "value": "1"
                            }
                        ]
                    ],
                    "wrapper": {
                        "width": "",
                        "class": "",
                        "id": ""
                    },
                    "show_in_graphql": 1,
                    "display_format": "g:i a",
                    "return_format": "H:i:s"
                }
            ]
        }
    ],
    "location": [
        [
            {
                "param": "post_type",
                "operator": "==",
                "value": "experiences"
            }
        ]
    ],
    "menu_order": 2,
    "position": "acf_after_title",
    "style": "default",
    "label_placement": "top",
    "instruction_placement": "label",
    "hide_on_screen": "",
    "active": 1,
    "description": "",
    "show_in_graphql": 1,
    "graphql_field_name": "extraFields",
    "modified": 1604481571
}