{
    "key": "group_5eec77ee9e55e",
    "title": "Block",
    "fields": [
        {
            "key": "field_5eec77ffbae4a",
            "label": "Zone",
            "name": "zone",
            "type": "select",
            "instructions": "",
            "required": 0,
            "conditional_logic": 0,
            "wrapper": {
                "width": "",
                "class": "",
                "id": ""
            },
            "show_in_graphql": 1,
            "choices": {
                "none": "None",
                "footer": "Footer",
                "dedicatedPostSection": "Dedicated Post Section",
                "updateBar": "Update Bar",
                "topBar": "Top Bar"
            },
            "default_value": false,
            "allow_null": 0,
            "multiple": 0,
            "ui": 0,
            "return_format": "value",
            "translations": "copy_once",
            "ajax": 0,
            "placeholder": ""
        }
    ],
    "location": [
        [
            {
                "param": "post_type",
                "operator": "==",
                "value": "wp_block"
            }
        ]
    ],
    "menu_order": 0,
    "position": "normal",
    "style": "default",
    "label_placement": "top",
    "instruction_placement": "label",
    "hide_on_screen": "",
    "active": true,
    "description": "",
    "show_in_graphql": 1,
    "graphql_field_name": "blockOptions",
    "modified": 1623836371
}