{
    "key": "group_60c9c09cadbfe",
    "title": "Post Options",
    "fields": [
        {
            "key": "field_60c9c32780cbb",
            "label": "External Post",
            "name": "external",
            "type": "group",
            "instructions": "",
            "required": 0,
            "conditional_logic": 0,
            "wrapper": {
                "width": "",
                "class": "",
                "id": ""
            },
            "show_in_graphql": 1,
            "layout": "block",
            "sub_fields": [
                {
                    "key": "field_60c9c3ade5b24",
                    "label": "Is This An External Post?",
                    "name": "is_external",
                    "type": "true_false",
                    "instructions": "Is this post an external URL rather than it's own page?",
                    "required": 0,
                    "conditional_logic": 0,
                    "wrapper": {
                        "width": "",
                        "class": "",
                        "id": ""
                    },
                    "show_in_graphql": 1,
                    "message": "",
                    "default_value": 0,
                    "ui": 0,
                    "translations": "copy_once",
                    "ui_on_text": "",
                    "ui_off_text": ""
                },
                {
                    "key": "field_60c9c2e680cba",
                    "label": "URL",
                    "name": "url",
                    "type": "url",
                    "instructions": "",
                    "required": 0,
                    "conditional_logic": [
                        [
                            {
                                "field": "field_60c9c3ade5b24",
                                "operator": "==",
                                "value": "1"
                            }
                        ]
                    ],
                    "wrapper": {
                        "width": "",
                        "class": "",
                        "id": ""
                    },
                    "show_in_graphql": 1,
                    "default_value": "",
                    "placeholder": "",
                    "translations": "copy_once"
                },
                {
                    "key": "field_60c9c35080cbc",
                    "label": "Button Text",
                    "name": "button_text",
                    "type": "text",
                    "instructions": "",
                    "required": 0,
                    "conditional_logic": [
                        [
                            {
                                "field": "field_60c9c3ade5b24",
                                "operator": "==",
                                "value": "1"
                            }
                        ]
                    ],
                    "wrapper": {
                        "width": "",
                        "class": "",
                        "id": ""
                    },
                    "show_in_graphql": 1,
                    "default_value": "",
                    "placeholder": "",
                    "prepend": "",
                    "append": "",
                    "maxlength": "",
                    "translations": "translate"
                }
            ]
        },
        {
            "key": "field_60c9c0a026007",
            "label": "Custom Fields",
            "name": "custom_fields",
            "type": "repeater",
            "instructions": "",
            "required": 0,
            "conditional_logic": 0,
            "wrapper": {
                "width": "",
                "class": "",
                "id": ""
            },
            "show_in_graphql": 1,
            "collapsed": "",
            "min": 0,
            "max": 0,
            "layout": "block",
            "button_label": "Add New Custom Field",
            "sub_fields": [
                {
                    "key": "field_60c9c0c326008",
                    "label": "Key",
                    "name": "key",
                    "type": "text",
                    "instructions": "",
                    "required": 1,
                    "conditional_logic": 0,
                    "wrapper": {
                        "width": "",
                        "class": "",
                        "id": ""
                    },
                    "show_in_graphql": 1,
                    "default_value": "",
                    "placeholder": "",
                    "prepend": "",
                    "append": "",
                    "maxlength": "",
                    "translations": "translate"
                },
                {
                    "key": "field_60c9c0d026009",
                    "label": "Type",
                    "name": "type",
                    "type": "select",
                    "instructions": "",
                    "required": 1,
                    "conditional_logic": 0,
                    "wrapper": {
                        "width": "",
                        "class": "",
                        "id": ""
                    },
                    "show_in_graphql": 1,
                    "choices": {
                        "single": "Single",
                        "text": "Text",
                        "html": "HTML",
                        "image": "Image",
                        "bool": "True \/ False"
                    },
                    "default_value": "single",
                    "allow_null": 0,
                    "multiple": 0,
                    "ui": 0,
                    "return_format": "value",
                    "translations": "copy_once",
                    "ajax": 0,
                    "placeholder": ""
                },
                {
                    "key": "field_60c9c1142600a",
                    "label": "Single",
                    "name": "single",
                    "type": "text",
                    "instructions": "",
                    "required": 0,
                    "conditional_logic": [
                        [
                            {
                                "field": "field_60c9c0d026009",
                                "operator": "==",
                                "value": "single"
                            }
                        ]
                    ],
                    "wrapper": {
                        "width": "",
                        "class": "",
                        "id": ""
                    },
                    "show_in_graphql": 1,
                    "default_value": "",
                    "placeholder": "",
                    "prepend": "",
                    "append": "",
                    "maxlength": "",
                    "translations": "translate"
                },
                {
                    "key": "field_60c9c13d2600b",
                    "label": "Text",
                    "name": "text",
                    "type": "textarea",
                    "instructions": "",
                    "required": 0,
                    "conditional_logic": [
                        [
                            {
                                "field": "field_60c9c0d026009",
                                "operator": "==",
                                "value": "text"
                            }
                        ]
                    ],
                    "wrapper": {
                        "width": "",
                        "class": "",
                        "id": ""
                    },
                    "show_in_graphql": 1,
                    "default_value": "",
                    "placeholder": "",
                    "maxlength": "",
                    "rows": 8,
                    "new_lines": "",
                    "translations": "translate"
                },
                {
                    "key": "field_60c9c1532600c",
                    "label": "HTML",
                    "name": "html",
                    "type": "wysiwyg",
                    "instructions": "",
                    "required": 0,
                    "conditional_logic": [
                        [
                            {
                                "field": "field_60c9c0d026009",
                                "operator": "==",
                                "value": "html"
                            }
                        ]
                    ],
                    "wrapper": {
                        "width": "",
                        "class": "",
                        "id": ""
                    },
                    "show_in_graphql": 1,
                    "default_value": "",
                    "tabs": "all",
                    "toolbar": "full",
                    "media_upload": 1,
                    "delay": 0,
                    "translations": "translate"
                },
                {
                    "key": "field_60c9c1852600d",
                    "label": "Image",
                    "name": "image",
                    "type": "image",
                    "instructions": "",
                    "required": 0,
                    "conditional_logic": [
                        [
                            {
                                "field": "field_60c9c0d026009",
                                "operator": "==",
                                "value": "image"
                            }
                        ]
                    ],
                    "wrapper": {
                        "width": "",
                        "class": "",
                        "id": ""
                    },
                    "show_in_graphql": 1,
                    "return_format": "url",
                    "preview_size": "medium",
                    "library": "all",
                    "min_width": "",
                    "min_height": "",
                    "min_size": "",
                    "max_width": "",
                    "max_height": "",
                    "max_size": "",
                    "mime_types": "",
                    "translations": "copy_once"
                },
                {
                    "key": "field_60c9c1cf2600e",
                    "label": "True \/ False",
                    "name": "bool",
                    "type": "true_false",
                    "instructions": "",
                    "required": 0,
                    "conditional_logic": [
                        [
                            {
                                "field": "field_60c9c0d026009",
                                "operator": "==",
                                "value": "bool"
                            }
                        ]
                    ],
                    "wrapper": {
                        "width": "",
                        "class": "",
                        "id": ""
                    },
                    "show_in_graphql": 1,
                    "message": "",
                    "default_value": 0,
                    "ui": 0,
                    "translations": "copy_once",
                    "ui_on_text": "",
                    "ui_off_text": ""
                }
            ]
        }
    ],
    "location": [
        [
            {
                "param": "post_type",
                "operator": "==",
                "value": "post"
            }
        ]
    ],
    "menu_order": 200,
    "position": "normal",
    "style": "default",
    "label_placement": "top",
    "instruction_placement": "label",
    "hide_on_screen": "",
    "active": true,
    "description": "",
    "show_in_graphql": 1,
    "graphql_field_name": "postOptions",
    "modified": 1625120445
}