{
    "key": "group_5f439fd8b9389",
    "title": "Options: Redirects",
    "fields": [
        {
            "key": "field_5f439fd8c2afa",
            "label": "Redirects",
            "name": "redirects",
            "type": "acf_code_field",
            "instructions": "",
            "required": 0,
            "conditional_logic": 0,
            "wrapper": {
                "width": "",
                "class": "",
                "id": ""
            },
            "default_value": "{\r\n     \"redirects\": [\r\n\r\n     ]\r\n}",
            "placeholder": "",
            "mode": "javascript",
            "theme": "monokai"
        }
    ],
    "location": [
        [
            {
                "param": "options_page",
                "operator": "==",
                "value": "acf-options-redirects"
            }
        ]
    ],
    "menu_order": 0,
    "position": "normal",
    "style": "default",
    "label_placement": "top",
    "instruction_placement": "label",
    "hide_on_screen": "",
    "active": 1,
    "description": "",
    "show_in_graphql": 1,
    "graphql_field_name": "redirectsConfig",
    "modified": 1598269726
}