[
    {
        "id": 294661,
        "title": "Box",
        "icon": "<svg xmlns=\"http:\/\/www.w3.org\/2000\/svg\" width=\"24\" height=\"24\" viewBox=\"0 0 24 24\"><path d=\"M12.01 5.5L10 8h4l-1.99-2.5zM18 10v4l2.5-1.99L18 10zM6 10l-2.5 2.01L6 14v-4zm8 6h-4l2.01 2.5L14 16zm7-13H3c-1.1 0-2 .9-2 2v14c0 1.1.9 2 2 2h18c1.1 0 2-.9 2-2V5c0-1.1-.9-2-2-2zm0 16.01H3V4.99h18v14.02z\" \/><\/svg>",
        "keywords": [],
        "slug": "lazyblock\/box",
        "description": "",
        "category": "lazyblocks",
        "category_label": "lazyblocks",
        "supports": {
            "customClassName": true,
            "anchor": true,
            "align": [
                "left",
                "right",
                "center"
            ],
            "html": false,
            "multiple": true,
            "inserter": true
        },
        "ghostkit": {
            "supports": {
                "spacings": false,
                "display": false,
                "scrollReveal": false
            }
        },
        "controls": {
            "control_048ad747ae": {
                "type": "inner_blocks",
                "name": "content",
                "default": "",
                "label": "",
                "help": "",
                "child_of": "",
                "placement": "content",
                "width": "100",
                "hide_if_not_selected": "false",
                "save_in_meta": "false",
                "save_in_meta_name": "",
                "required": "false",
                "placeholder": "",
                "characters_limit": ""
            }
        },
        "code": {
            "editor_html": "",
            "editor_callback": "",
            "editor_css": "",
            "frontend_html": "",
            "frontend_callback": "",
            "frontend_css": "",
            "show_preview": "always",
            "single_output": false,
            "use_php": false
        },
        "condition": []
    },
    {
        "id": 294660,
        "title": "Menu",
        "icon": "<svg xmlns=\"http:\/\/www.w3.org\/2000\/svg\" width=\"24\" height=\"24\" viewBox=\"0 0 24 24\"><path d=\"M4 14h4v-4H4v4zm0 5h4v-4H4v4zM4 9h4V5H4v4zm5 5h12v-4H9v4zm0 5h12v-4H9v4zM9 5v4h12V5H9z\" \/><\/svg>",
        "keywords": [],
        "slug": "lazyblock\/menu",
        "description": "",
        "category": "common",
        "category_label": "common",
        "supports": {
            "customClassName": true,
            "anchor": false,
            "align": [
                "wide",
                "full"
            ],
            "html": false,
            "multiple": true,
            "inserter": true
        },
        "ghostkit": {
            "supports": {
                "spacings": false,
                "display": false,
                "scrollReveal": false
            }
        },
        "controls": {
            "control_9b6a1d422c": {
                "type": "repeater",
                "name": "items",
                "default": "",
                "label": "Items",
                "help": "",
                "child_of": "",
                "placement": "inspector",
                "width": "100",
                "hide_if_not_selected": "false",
                "save_in_meta": "false",
                "save_in_meta_name": "",
                "required": "false",
                "placeholder": "",
                "characters_limit": "",
                "rows_label": "item",
                "rows_add_button_label": "+ Add Item",
                "rows_min": "1",
                "rows_max": "50",
                "rows_collapsed": "false"
            },
            "control_96e8774337": {
                "type": "text",
                "name": "label",
                "default": "",
                "label": "Label",
                "help": "",
                "child_of": "control_9b6a1d422c",
                "placement": "content",
                "width": "100",
                "hide_if_not_selected": "false",
                "save_in_meta": "false",
                "save_in_meta_name": "",
                "required": "true",
                "placeholder": "",
                "characters_limit": ""
            },
            "control_edb8a94e34": {
                "type": "text",
                "name": "url",
                "default": "",
                "label": "URL",
                "help": "",
                "child_of": "control_9b6a1d422c",
                "placement": "content",
                "width": "100",
                "hide_if_not_selected": "false",
                "save_in_meta": "false",
                "save_in_meta_name": "",
                "required": "false",
                "placeholder": "",
                "characters_limit": ""
            },
            "control_5d0b834b3f": {
                "type": "select",
                "name": "menuType",
                "default": "vertical",
                "label": "Type",
                "help": "",
                "child_of": "",
                "placement": "inspector",
                "width": "100",
                "hide_if_not_selected": "false",
                "save_in_meta": "false",
                "save_in_meta_name": "",
                "required": "true",
                "placeholder": "",
                "characters_limit": "",
                "choices": [
                    {
                        "label": "Vertical",
                        "value": "vertical"
                    },
                    {
                        "label": "Horizontal",
                        "value": "horizontal"
                    }
                ]
            },
            "control_765b84418f": {
                "type": "toggle",
                "name": "newTab",
                "default": "",
                "label": "Open In New Tab",
                "help": "",
                "child_of": "control_9b6a1d422c",
                "placement": "content",
                "width": "100",
                "hide_if_not_selected": "false",
                "save_in_meta": "false",
                "save_in_meta_name": "",
                "required": "false",
                "placeholder": "",
                "characters_limit": ""
            },
            "control_303bb741b1": {
                "type": "toggle",
                "name": "noFollow",
                "default": "",
                "label": "No Follow",
                "help": "",
                "child_of": "control_9b6a1d422c",
                "placement": "content",
                "width": "100",
                "hide_if_not_selected": "false",
                "save_in_meta": "false",
                "save_in_meta_name": "",
                "required": "false",
                "placeholder": "",
                "characters_limit": ""
            }
        },
        "code": {
            "editor_html": "<ul>\n  {{#each items}}\n    <li>\n      {{#if this.url}}\n        <a href=\"{{this.url}}\">{{this.label}}<\/a>\n      {{else}}\n        {{this.label}}\n      {{\/if}}\n    {{\/each}}\n    <\/li>\n<\/ul>",
            "editor_callback": "",
            "editor_css": "",
            "frontend_html": "",
            "frontend_callback": "",
            "frontend_css": "",
            "show_preview": "always",
            "single_output": false,
            "use_php": false
        },
        "condition": []
    },
    {
        "id": 294659,
        "title": "Newsletter",
        "icon": "<svg xmlns=\"http:\/\/www.w3.org\/2000\/svg\" width=\"24\" height=\"24\" viewBox=\"0 0 24 24\"><path d=\"M2.01 21L23 12 2.01 3 2 10l15 2-15 2z\" \/><\/svg>",
        "keywords": [],
        "slug": "lazyblock\/newsletter",
        "description": "",
        "category": "common",
        "category_label": "common",
        "supports": {
            "customClassName": true,
            "anchor": false,
            "align": [
                "wide",
                "full"
            ],
            "html": false,
            "multiple": true,
            "inserter": true
        },
        "ghostkit": {
            "supports": {
                "spacings": false,
                "display": false,
                "scrollReveal": false
            }
        },
        "controls": {
            "control_1e994a45ee": {
                "type": "select",
                "name": "provider",
                "default": "mailchimp",
                "label": "Provider",
                "help": "",
                "child_of": "",
                "placement": "inspector",
                "width": "100",
                "hide_if_not_selected": "false",
                "save_in_meta": "false",
                "save_in_meta_name": "",
                "required": "false",
                "placeholder": "",
                "characters_limit": "",
                "choices": [
                    {
                        "label": "Mailchimp",
                        "value": "mailchimp"
                    }
                ]
            },
            "control_554bff416b": {
                "type": "text",
                "name": "formAction",
                "default": "",
                "label": "Form Action",
                "help": "",
                "child_of": "",
                "placement": "inspector",
                "width": "100",
                "hide_if_not_selected": "false",
                "save_in_meta": "false",
                "save_in_meta_name": "",
                "required": "true",
                "placeholder": "https:\/\/youraccount.us11.list-manage.com\/subscribe\/post?u=54321&id=12345",
                "characters_limit": ""
            },
            "control_5928714099": {
                "type": "checkbox",
                "name": "requireFirstName",
                "default": "",
                "label": "Require First Name",
                "help": "",
                "child_of": "",
                "placement": "inspector",
                "width": "100",
                "hide_if_not_selected": "false",
                "save_in_meta": "false",
                "save_in_meta_name": "",
                "required": "false",
                "placeholder": "",
                "characters_limit": "",
                "checked": "true"
            },
            "control_4e2917487c": {
                "type": "select",
                "name": "buttonType",
                "default": "primary",
                "label": "Button Type",
                "help": "",
                "child_of": "",
                "placement": "inspector",
                "width": "100",
                "hide_if_not_selected": "false",
                "save_in_meta": "false",
                "save_in_meta_name": "",
                "required": "false",
                "placeholder": "",
                "characters_limit": "",
                "choices": [
                    {
                        "label": "Primary",
                        "value": "primary"
                    },
                    {
                        "label": "Secondary",
                        "value": "secondary"
                    },
                    {
                        "label": "Default",
                        "value": "default"
                    },
                    {
                        "label": "White",
                        "value": "white"
                    },
                    {
                        "label": "Ghost Primary",
                        "value": "ghostPrimary"
                    },
                    {
                        "label": "Ghost Secondary",
                        "value": "ghostSecondary"
                    },
                    {
                        "label": "Ghost Default",
                        "value": "ghostDefault"
                    },
                    {
                        "label": "Ghost White",
                        "value": "ghostWhite"
                    }
                ]
            },
            "control_7adab54ec8": {
                "type": "text",
                "name": "buttonClassName",
                "default": "",
                "label": "Button Class Name",
                "help": "",
                "child_of": "",
                "placement": "inspector",
                "width": "100",
                "hide_if_not_selected": "false",
                "save_in_meta": "false",
                "save_in_meta_name": "",
                "required": "false",
                "placeholder": "",
                "characters_limit": ""
            },
            "control_0c5bbc4ff0": {
                "type": "select",
                "name": "newsletterAlign",
                "default": "center",
                "label": "Align",
                "help": "",
                "child_of": "",
                "placement": "inspector",
                "width": "100",
                "hide_if_not_selected": "false",
                "save_in_meta": "false",
                "save_in_meta_name": "",
                "required": "false",
                "placeholder": "",
                "characters_limit": "",
                "choices": [
                    {
                        "label": "Center",
                        "value": "center"
                    },
                    {
                        "label": "Left",
                        "value": "left"
                    },
                    {
                        "label": "Right",
                        "value": "right"
                    }
                ]
            },
            "control_11db954955": {
                "type": "toggle",
                "name": "stacked",
                "default": "",
                "label": "Stacked",
                "help": "",
                "child_of": "",
                "placement": "inspector",
                "width": "100",
                "hide_if_not_selected": "false",
                "save_in_meta": "false",
                "save_in_meta_name": "",
                "required": "false",
                "placeholder": "",
                "characters_limit": ""
            }
        },
        "code": {
            "editor_html": "",
            "editor_callback": "",
            "editor_css": "",
            "frontend_html": "",
            "frontend_callback": "",
            "frontend_css": "",
            "show_preview": "always",
            "single_output": false,
            "use_php": false
        },
        "condition": []
    },
    {
        "id": 294658,
        "title": "Featured Properties",
        "icon": "<svg xmlns=\"http:\/\/www.w3.org\/2000\/svg\" width=\"24\" height=\"24\" viewBox=\"0 0 24 24\"><path d=\"M10 20v-6h4v6h5v-8h3L12 3 2 12h3v8z\" \/><\/svg>",
        "keywords": [],
        "slug": "lazyblock\/featured-properties",
        "description": "",
        "category": "common",
        "category_label": "common",
        "supports": {
            "customClassName": true,
            "anchor": false,
            "align": [
                "wide",
                "full"
            ],
            "html": false,
            "multiple": true,
            "inserter": true
        },
        "ghostkit": {
            "supports": {
                "spacings": false,
                "display": false,
                "scrollReveal": false
            }
        },
        "controls": {
            "control_7608a34214": {
                "type": "select",
                "name": "displayType",
                "default": "carousel",
                "label": "Type",
                "help": "",
                "child_of": "",
                "placement": "inspector",
                "width": "100",
                "hide_if_not_selected": "false",
                "save_in_meta": "false",
                "save_in_meta_name": "",
                "required": "false",
                "placeholder": "",
                "characters_limit": "",
                "choices": [
                    {
                        "label": "Carousel",
                        "value": "carousel"
                    }
                ]
            }
        },
        "code": {
            "editor_html": "",
            "editor_callback": "",
            "editor_css": "",
            "frontend_html": "",
            "frontend_callback": "",
            "frontend_css": "",
            "show_preview": "always",
            "single_output": false,
            "use_php": false
        },
        "condition": []
    },
    {
        "id": 294657,
        "title": "Hero Gallery",
        "icon": "<svg width=\"24\" height=\"24\" viewBox=\"0 0 24 24\" xmlns=\"http:\/\/www.w3.org\/2000\/svg\">\n<rect opacity=\"0.25\" width=\"15\" height=\"15\" rx=\"4\" transform=\"matrix(-1 0 0 1 22 7)\" fill=\"currentColor\" \/>\n<rect width=\"15\" height=\"15\" rx=\"4\" transform=\"matrix(-1 0 0 1 17 2)\" fill=\"currentColor\" \/>\n<\/svg>\n",
        "keywords": [],
        "slug": "lazyblock\/hero-gallery",
        "description": "",
        "category": "lazyblocks",
        "category_label": "lazyblocks",
        "supports": {
            "customClassName": true,
            "anchor": false,
            "align": [
                "wide",
                "full"
            ],
            "html": false,
            "multiple": false,
            "inserter": true
        },
        "ghostkit": {
            "supports": {
                "spacings": false,
                "display": false,
                "scrollReveal": false
            }
        },
        "controls": {
            "control_a5dacf43f3": {
                "type": "gallery",
                "name": "images",
                "default": "",
                "label": "Images",
                "help": "",
                "child_of": "",
                "placement": "inspector",
                "width": "100",
                "hide_if_not_selected": "false",
                "save_in_meta": "false",
                "save_in_meta_name": "",
                "required": "false",
                "placeholder": "",
                "characters_limit": ""
            },
            "control_75da7a4e4b": {
                "type": "number",
                "name": "height",
                "default": "450",
                "label": "Height (px)",
                "help": "",
                "child_of": "",
                "placement": "inspector",
                "width": "100",
                "hide_if_not_selected": "false",
                "save_in_meta": "false",
                "save_in_meta_name": "",
                "required": "false",
                "placeholder": "",
                "characters_limit": "",
                "step": "1"
            },
            "control_1a9a8645c7": {
                "type": "toggle",
                "name": "fullHeight",
                "default": "",
                "label": "Full Height",
                "help": "",
                "child_of": "",
                "placement": "inspector",
                "width": "100",
                "hide_if_not_selected": "false",
                "save_in_meta": "false",
                "save_in_meta_name": "",
                "required": "false",
                "placeholder": "",
                "characters_limit": ""
            },
            "control_1e0bf44568": {
                "type": "toggle",
                "name": "bgOverlay",
                "default": "",
                "label": "Background Overlay",
                "help": "",
                "child_of": "",
                "placement": "inspector",
                "width": "100",
                "hide_if_not_selected": "false",
                "save_in_meta": "false",
                "save_in_meta_name": "",
                "required": "false",
                "placeholder": "",
                "characters_limit": ""
            },
            "control_0bf85b467e": {
                "type": "color",
                "name": "bgOverlayColor",
                "default": "rgba(0,0,0,0.1)",
                "label": "Background Overlay Color",
                "help": "",
                "child_of": "",
                "placement": "inspector",
                "width": "100",
                "hide_if_not_selected": "false",
                "save_in_meta": "false",
                "save_in_meta_name": "",
                "required": "false",
                "placeholder": "",
                "characters_limit": "",
                "alpha": "true"
            },
            "control_9fab5d485a": {
                "type": "inner_blocks",
                "name": "content",
                "default": "",
                "label": "",
                "help": "",
                "child_of": "",
                "placement": "content",
                "width": "100",
                "hide_if_not_selected": "false",
                "save_in_meta": "false",
                "save_in_meta_name": "",
                "required": "false",
                "placeholder": "",
                "characters_limit": ""
            },
            "control_98bb9a44fb": {
                "type": "text",
                "name": "backgroundClassName",
                "default": "",
                "label": "Background Class Name",
                "help": "",
                "child_of": "",
                "placement": "inspector",
                "width": "100",
                "hide_if_not_selected": "false",
                "save_in_meta": "false",
                "save_in_meta_name": "",
                "required": "false",
                "placeholder": "",
                "characters_limit": ""
            },
            "control_f83b81439f": {
                "type": "toggle",
                "name": "dots",
                "default": "",
                "label": "Show Dots",
                "help": "",
                "child_of": "",
                "placement": "inspector",
                "width": "100",
                "hide_if_not_selected": "false",
                "save_in_meta": "false",
                "save_in_meta_name": "",
                "required": "false",
                "placeholder": "",
                "characters_limit": "",
                "checked": "true"
            },
            "control_3bbbd4403a": {
                "type": "toggle",
                "name": "arrows",
                "default": "",
                "label": "Show Arrows",
                "help": "",
                "child_of": "",
                "placement": "inspector",
                "width": "100",
                "hide_if_not_selected": "false",
                "save_in_meta": "false",
                "save_in_meta_name": "",
                "required": "false",
                "placeholder": "",
                "characters_limit": "",
                "checked": "true"
            },
            "control_b6b8054208": {
                "type": "number",
                "name": "speed",
                "default": "500",
                "label": "Slide Speed (ms)",
                "help": "",
                "child_of": "",
                "placement": "inspector",
                "width": "100",
                "hide_if_not_selected": "false",
                "save_in_meta": "false",
                "save_in_meta_name": "",
                "required": "false",
                "placeholder": "",
                "characters_limit": "",
                "step": "100",
                "min": "100",
                "max": "2000"
            },
            "control_952a8d41c3": {
                "type": "toggle",
                "name": "autoplay",
                "default": "",
                "label": "Auto Play",
                "help": "",
                "child_of": "",
                "placement": "inspector",
                "width": "100",
                "hide_if_not_selected": "false",
                "save_in_meta": "false",
                "save_in_meta_name": "",
                "required": "false",
                "placeholder": "",
                "characters_limit": "",
                "checked": "true"
            },
            "control_6abb7e4ab4": {
                "type": "number",
                "name": "autoplaySpeed",
                "default": "3000",
                "label": "Auto Play Speed (ms)",
                "help": "",
                "child_of": "",
                "placement": "inspector",
                "width": "100",
                "hide_if_not_selected": "false",
                "save_in_meta": "false",
                "save_in_meta_name": "",
                "required": "false",
                "placeholder": "",
                "characters_limit": "",
                "step": "1",
                "min": "1000",
                "max": "30000"
            },
            "control_4759434785": {
                "type": "toggle",
                "name": "draggable",
                "default": "",
                "label": "Draggable",
                "help": "",
                "child_of": "",
                "placement": "inspector",
                "width": "100",
                "hide_if_not_selected": "false",
                "save_in_meta": "false",
                "save_in_meta_name": "",
                "required": "false",
                "placeholder": "",
                "characters_limit": "",
                "checked": "true"
            },
            "control_518a6d48b6": {
                "type": "toggle",
                "name": "infinite",
                "default": "",
                "label": "Infinite",
                "help": "",
                "child_of": "",
                "placement": "inspector",
                "width": "100",
                "hide_if_not_selected": "false",
                "save_in_meta": "false",
                "save_in_meta_name": "",
                "required": "false",
                "placeholder": "",
                "characters_limit": "",
                "checked": "true"
            },
            "control_5bc906448e": {
                "type": "toggle",
                "name": "fade",
                "default": "",
                "label": "Fade",
                "help": "",
                "child_of": "",
                "placement": "inspector",
                "width": "100",
                "hide_if_not_selected": "false",
                "save_in_meta": "false",
                "save_in_meta_name": "",
                "required": "false",
                "placeholder": "",
                "characters_limit": ""
            },
            "control_1cead4461f": {
                "type": "toggle",
                "name": "lazyLoad",
                "default": "",
                "label": "Lazy Load",
                "help": "",
                "child_of": "",
                "placement": "inspector",
                "width": "100",
                "hide_if_not_selected": "false",
                "save_in_meta": "false",
                "save_in_meta_name": "",
                "required": "false",
                "placeholder": "",
                "characters_limit": "",
                "checked": "true"
            },
            "control_b6683a40f4": {
                "type": "number",
                "name": "slidesToShow",
                "default": "1",
                "label": "Slides To Show",
                "help": "",
                "child_of": "",
                "placement": "inspector",
                "width": "100",
                "hide_if_not_selected": "false",
                "save_in_meta": "false",
                "save_in_meta_name": "",
                "required": "false",
                "placeholder": "",
                "characters_limit": "",
                "min": "1",
                "max": "3",
                "step": "1"
            },
            "control_5e4a0544d2": {
                "type": "number",
                "name": "slidesToScroll",
                "default": "1",
                "label": "Slides To Scroll",
                "help": "",
                "child_of": "",
                "placement": "inspector",
                "width": "100",
                "hide_if_not_selected": "false",
                "save_in_meta": "false",
                "save_in_meta_name": "",
                "required": "false",
                "placeholder": "",
                "characters_limit": "",
                "min": "1",
                "max": "3",
                "step": "0"
            },
            "control_6418ae41bf": {
                "type": "number",
                "name": "spacing",
                "default": "0",
                "label": "Spacing",
                "help": "",
                "child_of": "",
                "placement": "inspector",
                "width": "100",
                "hide_if_not_selected": "false",
                "save_in_meta": "false",
                "save_in_meta_name": "",
                "required": "false",
                "placeholder": "",
                "characters_limit": "",
                "min": "0",
                "max": "500",
                "step": "1"
            },
            "control_a26b454527": {
                "type": "toggle",
                "name": "splitScreen",
                "default": "",
                "label": "Split Screen",
                "help": "",
                "child_of": "",
                "placement": "inspector",
                "width": "100",
                "hide_if_not_selected": "false",
                "save_in_meta": "false",
                "save_in_meta_name": "",
                "required": "false",
                "placeholder": "",
                "characters_limit": ""
            },
            "control_d3b94e4087": {
                "type": "select",
                "name": "splitAlignImage",
                "default": "right",
                "label": "Split Align Image",
                "help": "",
                "child_of": "",
                "placement": "inspector",
                "width": "100",
                "hide_if_not_selected": "false",
                "save_in_meta": "false",
                "save_in_meta_name": "",
                "required": "false",
                "placeholder": "",
                "characters_limit": "",
                "choices": [
                    {
                        "label": "Right",
                        "value": "right"
                    },
                    {
                        "label": "Left",
                        "value": "left"
                    }
                ]
            }
        },
        "code": {
            "editor_html": "<style>\n  .lazyblock .lzb-content-controls, .lazyblock .lzb-content-title {\n    position: relative;\n    z-index: 1;\n  }\n<\/style>\n<div style=\"position:absolute; top:0; left:0; right:0; bottom: 0; background-color: #efefef;\">\n  \n<\/div>",
            "editor_callback": "",
            "editor_css": "",
            "frontend_html": "",
            "frontend_callback": "",
            "frontend_css": "",
            "show_preview": "always",
            "single_output": false,
            "use_php": false
        },
        "condition": []
    },
    {
        "id": 294656,
        "title": "Search Bar",
        "icon": "<svg width=\"24\" height=\"24\" viewBox=\"0 0 24 24\" xmlns=\"http:\/\/www.w3.org\/2000\/svg\">\n<rect opacity=\"0.25\" width=\"15\" height=\"15\" rx=\"4\" transform=\"matrix(-1 0 0 1 22 7)\" fill=\"currentColor\" \/>\n<rect width=\"15\" height=\"15\" rx=\"4\" transform=\"matrix(-1 0 0 1 17 2)\" fill=\"currentColor\" \/>\n<\/svg>\n",
        "keywords": [],
        "slug": "lazyblock\/search-bar",
        "description": "",
        "category": "lazyblocks",
        "category_label": "lazyblocks",
        "supports": {
            "customClassName": true,
            "anchor": false,
            "align": [
                "left",
                "right",
                "center",
                "wide",
                "full"
            ],
            "html": false,
            "multiple": true,
            "inserter": true
        },
        "ghostkit": {
            "supports": {
                "spacings": false,
                "display": false,
                "scrollReveal": false
            }
        },
        "controls": {
            "control_553bf0472e": {
                "type": "toggle",
                "name": "stacked",
                "default": "",
                "label": "Stacked",
                "help": "",
                "child_of": "",
                "placement": "inspector",
                "width": "100",
                "hide_if_not_selected": "false",
                "save_in_meta": "false",
                "save_in_meta_name": "",
                "required": "false",
                "placeholder": "",
                "characters_limit": ""
            },
            "control_f11bc54553": {
                "type": "select",
                "name": "size",
                "default": "large",
                "label": "Size",
                "help": "",
                "child_of": "",
                "placement": "inspector",
                "width": "100",
                "hide_if_not_selected": "false",
                "save_in_meta": "false",
                "save_in_meta_name": "",
                "required": "false",
                "placeholder": "",
                "characters_limit": "",
                "choices": [
                    {
                        "label": "Large",
                        "value": "large"
                    },
                    {
                        "label": "Medium",
                        "value": "medium"
                    }
                ]
            }
        },
        "code": {
            "editor_html": "<div style=\"color:black; text-align:center; font-weight:bold;\">Search Bar<\/div>",
            "editor_callback": "",
            "editor_css": "",
            "frontend_html": "",
            "frontend_callback": "",
            "frontend_css": "",
            "show_preview": "always",
            "single_output": false,
            "use_php": false
        },
        "condition": []
    },
    {
        "id": 294655,
        "title": "Card",
        "icon": "<svg xmlns=\"http:\/\/www.w3.org\/2000\/svg\" width=\"24\" height=\"24\" viewBox=\"0 0 24 24\"><path d=\"M21 19V5c0-1.1-.9-2-2-2H5c-1.1 0-2 .9-2 2v14c0 1.1.9 2 2 2h14c1.1 0 2-.9 2-2zM8.5 13.5l2.5 3.01L14.5 12l4.5 6H5l3.5-4.5z\" \/><\/svg>",
        "keywords": [],
        "slug": "lazyblock\/card",
        "description": "",
        "category": "common",
        "category_label": "common",
        "supports": {
            "customClassName": true,
            "anchor": false,
            "align": [
                "full",
                "wide",
                "left",
                "center",
                "right"
            ],
            "html": false,
            "multiple": true,
            "inserter": true
        },
        "ghostkit": {
            "supports": {
                "spacings": false,
                "display": false,
                "scrollReveal": false
            }
        },
        "controls": {
            "control_7f28bc44b2": {
                "type": "image",
                "name": "image",
                "default": "",
                "label": "Image",
                "help": "",
                "child_of": "",
                "placement": "inspector",
                "width": "100",
                "hide_if_not_selected": "false",
                "save_in_meta": "false",
                "save_in_meta_name": "",
                "required": "false",
                "placeholder": "",
                "characters_limit": ""
            },
            "control_e3ba4f4817": {
                "type": "select",
                "name": "alignContent",
                "default": "center",
                "label": "Align Content",
                "help": "",
                "child_of": "",
                "placement": "inspector",
                "width": "100",
                "hide_if_not_selected": "false",
                "save_in_meta": "false",
                "save_in_meta_name": "",
                "required": "false",
                "placeholder": "",
                "characters_limit": "",
                "choices": [
                    {
                        "label": "Left",
                        "value": "left"
                    },
                    {
                        "label": "Center",
                        "value": "center"
                    },
                    {
                        "label": "Right",
                        "value": "right"
                    }
                ]
            },
            "control_b87a3843b1": {
                "type": "text",
                "name": "title",
                "default": "",
                "label": "Title",
                "help": "",
                "child_of": "",
                "placement": "inspector",
                "width": "100",
                "hide_if_not_selected": "false",
                "save_in_meta": "false",
                "save_in_meta_name": "",
                "required": "false",
                "placeholder": "",
                "characters_limit": ""
            },
            "control_559be04d66": {
                "type": "text",
                "name": "subtitle",
                "default": "",
                "label": "Subtitle",
                "help": "",
                "child_of": "",
                "placement": "inspector",
                "width": "100",
                "hide_if_not_selected": "false",
                "save_in_meta": "false",
                "save_in_meta_name": "",
                "required": "false",
                "placeholder": "",
                "characters_limit": ""
            },
            "control_c0b8a44cec": {
                "type": "text",
                "name": "link",
                "default": "",
                "label": "Link",
                "help": "",
                "child_of": "",
                "placement": "inspector",
                "width": "100",
                "hide_if_not_selected": "false",
                "save_in_meta": "false",
                "save_in_meta_name": "",
                "required": "false",
                "placeholder": "",
                "characters_limit": ""
            },
            "control_411b77403e": {
                "type": "toggle",
                "name": "overlayImage",
                "default": "",
                "label": "Overlay Image",
                "help": "",
                "child_of": "",
                "placement": "inspector",
                "width": "100",
                "hide_if_not_selected": "false",
                "save_in_meta": "false",
                "save_in_meta_name": "",
                "required": "false",
                "placeholder": "",
                "characters_limit": "",
                "checked": "true"
            },
            "control_20985a4721": {
                "type": "color",
                "name": "bgOverlayColor",
                "default": "rgba(0,0,0,0.2)",
                "label": "Background Overlay Color",
                "help": "",
                "child_of": "",
                "placement": "inspector",
                "width": "100",
                "hide_if_not_selected": "false",
                "save_in_meta": "false",
                "save_in_meta_name": "",
                "required": "false",
                "placeholder": "",
                "characters_limit": "",
                "alpha": "true"
            },
            "control_aee981448e": {
                "type": "select",
                "name": "aspect",
                "default": "1\/1",
                "label": "Aspect Ratio",
                "help": "",
                "child_of": "",
                "placement": "inspector",
                "width": "100",
                "hide_if_not_selected": "false",
                "save_in_meta": "false",
                "save_in_meta_name": "",
                "required": "false",
                "placeholder": "",
                "characters_limit": "",
                "choices": [
                    {
                        "label": "1\/1",
                        "value": "1\/1"
                    },
                    {
                        "label": "4\/3",
                        "value": "4\/3"
                    },
                    {
                        "label": "3\/4",
                        "value": "3\/4"
                    },
                    {
                        "label": "16\/9",
                        "value": "16\/9"
                    }
                ]
            },
            "control_9858c44006": {
                "type": "text",
                "name": "buttonText",
                "default": "",
                "label": "Button Text",
                "help": "Leave blank to hide button",
                "child_of": "",
                "placement": "inspector",
                "width": "100",
                "hide_if_not_selected": "false",
                "save_in_meta": "false",
                "save_in_meta_name": "",
                "required": "false",
                "placeholder": "",
                "characters_limit": ""
            },
            "control_200af6490b": {
                "type": "text",
                "name": "ribbonText",
                "default": "",
                "label": "Ribbon Text",
                "help": "",
                "child_of": "",
                "placement": "inspector",
                "width": "100",
                "hide_if_not_selected": "false",
                "save_in_meta": "false",
                "save_in_meta_name": "",
                "required": "false",
                "placeholder": "",
                "characters_limit": ""
            },
            "control_1b4a1640a0": {
                "type": "text",
                "name": "coverClassName",
                "default": "",
                "label": "Cover Class Name",
                "help": "",
                "child_of": "",
                "placement": "inspector",
                "width": "100",
                "hide_if_not_selected": "false",
                "save_in_meta": "false",
                "save_in_meta_name": "",
                "required": "false",
                "placeholder": "",
                "characters_limit": ""
            },
            "control_4798294ff2": {
                "type": "text",
                "name": "metaClassName",
                "default": "",
                "label": "Meta Class Name",
                "help": "",
                "child_of": "",
                "placement": "inspector",
                "width": "100",
                "hide_if_not_selected": "false",
                "save_in_meta": "false",
                "save_in_meta_name": "",
                "required": "false",
                "placeholder": "",
                "characters_limit": ""
            },
            "control_4849dd4751": {
                "type": "text",
                "name": "titleClassName",
                "default": "",
                "label": "Title Class Name",
                "help": "",
                "child_of": "",
                "placement": "inspector",
                "width": "100",
                "hide_if_not_selected": "false",
                "save_in_meta": "false",
                "save_in_meta_name": "",
                "required": "false",
                "placeholder": "",
                "characters_limit": ""
            },
            "control_5339b34429": {
                "type": "text",
                "name": "subtitleClassName",
                "default": "",
                "label": "Subtitle Class Name",
                "help": "",
                "child_of": "",
                "placement": "inspector",
                "width": "100",
                "hide_if_not_selected": "false",
                "save_in_meta": "false",
                "save_in_meta_name": "",
                "required": "false",
                "placeholder": "",
                "characters_limit": ""
            },
            "control_02ea3b42be": {
                "type": "text",
                "name": "ribbonClassName",
                "default": "",
                "label": "Ribbon Class Name",
                "help": "",
                "child_of": "",
                "placement": "inspector",
                "width": "100",
                "hide_if_not_selected": "false",
                "save_in_meta": "false",
                "save_in_meta_name": "",
                "required": "false",
                "placeholder": "",
                "characters_limit": ""
            },
            "control_18d8da4471": {
                "type": "text",
                "name": "buttonClassName",
                "default": "",
                "label": "Button Class Name",
                "help": "",
                "child_of": "",
                "placement": "inspector",
                "width": "100",
                "hide_if_not_selected": "false",
                "save_in_meta": "false",
                "save_in_meta_name": "",
                "required": "false",
                "placeholder": "",
                "characters_limit": ""
            }
        },
        "code": {
            "editor_html": "<div>\n  {{#if image.url}}<div style=\"padding-bottom:100%; height:0; background-image:url({{image.url}}); background-size:cover;\"><\/div>{{\/if}}\n  {{#if title}}<h4 style=\"margin:0;\">{{title}}<\/h4>{{\/if}}\n  {{#if subtitle}}<p style=\"margin:0;\">{{subtitle}}<\/p>{{\/if}}\n<\/div>",
            "editor_callback": "",
            "editor_css": "",
            "frontend_html": "",
            "frontend_callback": "",
            "frontend_css": "",
            "show_preview": "always",
            "single_output": false,
            "use_php": false
        },
        "condition": []
    },
    {
        "id": 294654,
        "title": "Row Block",
        "icon": "<svg width=\"24\" height=\"24\" viewBox=\"0 0 24 24\" xmlns=\"http:\/\/www.w3.org\/2000\/svg\">\n<rect opacity=\"0.25\" width=\"15\" height=\"15\" rx=\"4\" transform=\"matrix(-1 0 0 1 22 7)\" fill=\"currentColor\" \/>\n<rect width=\"15\" height=\"15\" rx=\"4\" transform=\"matrix(-1 0 0 1 17 2)\" fill=\"currentColor\" \/>\n<\/svg>\n",
        "keywords": [],
        "slug": "lazyblock\/row-block",
        "description": "",
        "category": "lazyblocks",
        "category_label": "lazyblocks",
        "supports": {
            "customClassName": true,
            "anchor": true,
            "align": [
                "wide",
                "full"
            ],
            "html": false,
            "multiple": true,
            "inserter": true
        },
        "ghostkit": {
            "supports": {
                "spacings": false,
                "display": false,
                "scrollReveal": false
            }
        },
        "controls": {
            "control_26e9e941d5": {
                "type": "inner_blocks",
                "name": "content",
                "default": "",
                "label": "",
                "help": "",
                "child_of": "",
                "placement": "content",
                "width": "100",
                "hide_if_not_selected": "false",
                "save_in_meta": "false",
                "save_in_meta_name": "",
                "required": "false",
                "placeholder": "",
                "characters_limit": ""
            },
            "control_fd18b447c0": {
                "type": "color",
                "name": "bgColor",
                "default": "#ffffff",
                "label": "Background Color",
                "help": "",
                "child_of": "",
                "placement": "inspector",
                "width": "100",
                "hide_if_not_selected": "false",
                "save_in_meta": "false",
                "save_in_meta_name": "",
                "required": "false",
                "placeholder": "",
                "characters_limit": ""
            },
            "control_b77b924589": {
                "type": "toggle",
                "name": "useThemeHighlight",
                "default": "",
                "label": "Theme Highlight",
                "help": "",
                "child_of": "",
                "placement": "inspector",
                "width": "100",
                "hide_if_not_selected": "false",
                "save_in_meta": "false",
                "save_in_meta_name": "",
                "required": "false",
                "placeholder": "",
                "characters_limit": "",
                "checked": "false"
            },
            "control_dffa0a4df3": {
                "type": "checkbox",
                "name": "useLightText",
                "default": "",
                "label": "Use Light Text",
                "help": "",
                "child_of": "",
                "placement": "inspector",
                "width": "100",
                "hide_if_not_selected": "false",
                "save_in_meta": "false",
                "save_in_meta_name": "",
                "required": "false",
                "placeholder": "",
                "characters_limit": ""
            },
            "control_2cba9141e9": {
                "type": "select",
                "name": "rowType",
                "default": "default",
                "label": "Row Type",
                "help": "",
                "child_of": "",
                "placement": "inspector",
                "width": "100",
                "hide_if_not_selected": "false",
                "save_in_meta": "false",
                "save_in_meta_name": "",
                "required": "false",
                "placeholder": "",
                "characters_limit": "",
                "choices": [
                    {
                        "label": "Default",
                        "value": "default"
                    },
                    {
                        "label": "Large Padding",
                        "value": "largePadding"
                    },
                    {
                        "label": "Screen Height",
                        "value": "screenHeight"
                    }
                ]
            },
            "control_780ad24c08": {
                "type": "text",
                "name": "name",
                "default": "",
                "label": "Name",
                "help": "",
                "child_of": "control_ecab604587",
                "placement": "content",
                "width": "100",
                "hide_if_not_selected": "false",
                "save_in_meta": "false",
                "save_in_meta_name": "",
                "required": "false",
                "placeholder": "",
                "characters_limit": ""
            },
            "control_62a9e34932": {
                "type": "text",
                "name": "value",
                "default": "",
                "label": "Value",
                "help": "",
                "child_of": "control_ecab604587",
                "placement": "content",
                "width": "100",
                "hide_if_not_selected": "false",
                "save_in_meta": "false",
                "save_in_meta_name": "",
                "required": "false",
                "placeholder": "",
                "characters_limit": ""
            }
        },
        "code": {
            "editor_html": "<style>\n  .lazyblock .lzb-content-controls, .lazyblock .lzb-content-title {\n    position: relative;\n    z-index: 1;\n  }\n<\/style>\n<div style=\"position:absolute; top:0; left:0; right:0; bottom: 0; background-color: #efefef;\">\n  \n<\/div>",
            "editor_callback": "",
            "editor_css": "",
            "frontend_html": "",
            "frontend_callback": "",
            "frontend_css": "",
            "show_preview": "always",
            "single_output": false,
            "use_php": false
        },
        "condition": []
    },
    {
        "id": 294653,
        "title": "Featurette",
        "icon": "<svg width=\"24\" height=\"24\" viewBox=\"0 0 24 24\" xmlns=\"http:\/\/www.w3.org\/2000\/svg\">\n<rect opacity=\"0.25\" width=\"15\" height=\"15\" rx=\"4\" transform=\"matrix(-1 0 0 1 22 7)\" fill=\"currentColor\" \/>\n<rect width=\"15\" height=\"15\" rx=\"4\" transform=\"matrix(-1 0 0 1 17 2)\" fill=\"currentColor\" \/>\n<\/svg>\n",
        "keywords": [],
        "slug": "lazyblock\/featurette",
        "description": "",
        "category": "lazyblocks",
        "category_label": "lazyblocks",
        "supports": {
            "customClassName": true,
            "anchor": false,
            "align": [
                "wide",
                "full"
            ],
            "html": false,
            "multiple": true,
            "inserter": true
        },
        "ghostkit": {
            "supports": {
                "spacings": false,
                "display": false,
                "scrollReveal": false
            }
        },
        "controls": {
            "control_50b98640f9": {
                "type": "textarea",
                "name": "title",
                "default": "",
                "label": "Title",
                "help": "",
                "child_of": "",
                "placement": "inspector",
                "width": "100",
                "hide_if_not_selected": "false",
                "save_in_meta": "false",
                "save_in_meta_name": "",
                "required": "false",
                "placeholder": "",
                "characters_limit": ""
            },
            "control_5639f74e33": {
                "type": "textarea",
                "name": "subtitle",
                "default": "",
                "label": "Subtitle",
                "help": "",
                "child_of": "",
                "placement": "inspector",
                "width": "100",
                "hide_if_not_selected": "false",
                "save_in_meta": "false",
                "save_in_meta_name": "",
                "required": "false",
                "placeholder": "",
                "characters_limit": ""
            },
            "control_e3298e4ec8": {
                "type": "image",
                "name": "icon",
                "default": "",
                "label": "Icon",
                "help": "",
                "child_of": "",
                "placement": "inspector",
                "width": "100",
                "hide_if_not_selected": "false",
                "save_in_meta": "false",
                "save_in_meta_name": "",
                "required": "false",
                "placeholder": "",
                "characters_limit": ""
            },
            "control_0718cb4cfd": {
                "type": "text",
                "name": "iconClass",
                "default": "",
                "label": "Icon Class",
                "help": "",
                "child_of": "",
                "placement": "inspector",
                "width": "100",
                "hide_if_not_selected": "false",
                "save_in_meta": "false",
                "save_in_meta_name": "",
                "required": "false",
                "placeholder": "",
                "characters_limit": ""
            },
            "control_6a7a1f4319": {
                "type": "select",
                "name": "layout",
                "default": "top",
                "label": "Layout",
                "help": "",
                "child_of": "",
                "placement": "inspector",
                "width": "100",
                "hide_if_not_selected": "false",
                "save_in_meta": "false",
                "save_in_meta_name": "",
                "required": "false",
                "placeholder": "",
                "characters_limit": "",
                "choices": [
                    {
                        "label": "Top",
                        "value": "top"
                    },
                    {
                        "label": "Left",
                        "value": "left"
                    },
                    {
                        "label": "Right",
                        "value": "right"
                    },
                    {
                        "label": "Bottom",
                        "value": "bottom"
                    },
                    {
                        "label": "Top Left",
                        "value": "topLeft"
                    },
                    {
                        "label": "Top Right",
                        "value": "topRight"
                    }
                ]
            },
            "control_e43aeb4b1e": {
                "type": "text",
                "name": "titleClass",
                "default": "",
                "label": "Title Class",
                "help": "",
                "child_of": "",
                "placement": "inspector",
                "width": "100",
                "hide_if_not_selected": "false",
                "save_in_meta": "false",
                "save_in_meta_name": "",
                "required": "false",
                "placeholder": "",
                "characters_limit": ""
            },
            "control_fb18ce4c7e": {
                "type": "text",
                "name": "subtitleClass",
                "default": "",
                "label": "Subtitle Class",
                "help": "",
                "child_of": "",
                "placement": "inspector",
                "width": "100",
                "hide_if_not_selected": "false",
                "save_in_meta": "false",
                "save_in_meta_name": "",
                "required": "false",
                "placeholder": "",
                "characters_limit": ""
            },
            "control_88e98e4df1": {
                "type": "range",
                "name": "titleLevel",
                "default": "4",
                "label": "Title Level",
                "help": "",
                "child_of": "",
                "placement": "inspector",
                "width": "100",
                "hide_if_not_selected": "false",
                "save_in_meta": "false",
                "save_in_meta_name": "",
                "required": "false",
                "placeholder": "",
                "characters_limit": "",
                "min": "1",
                "max": "6",
                "step": "1"
            },
            "control_7889ae4bd0": {
                "type": "number",
                "name": "iconSize",
                "default": "100",
                "label": "Icon Size (px)",
                "help": "",
                "child_of": "",
                "placement": "inspector",
                "width": "100",
                "hide_if_not_selected": "false",
                "save_in_meta": "false",
                "save_in_meta_name": "",
                "required": "false",
                "placeholder": "",
                "characters_limit": "",
                "min": "50",
                "max": "1000"
            },
            "control_53594744b3": {
                "type": "select",
                "name": "iconType",
                "default": "none",
                "label": "Icon Type",
                "help": "",
                "child_of": "",
                "placement": "inspector",
                "width": "100",
                "hide_if_not_selected": "false",
                "save_in_meta": "false",
                "save_in_meta_name": "",
                "required": "false",
                "placeholder": "",
                "characters_limit": "",
                "choices": [
                    {
                        "label": "None",
                        "value": "none"
                    },
                    {
                        "label": "Circle",
                        "value": "circle"
                    },
                    {
                        "label": "Rounded Square",
                        "value": "roundedSquare"
                    }
                ]
            },
            "control_870bb34d43": {
                "type": "select",
                "name": "textAlign",
                "default": "center",
                "label": "Text Align",
                "help": "",
                "child_of": "",
                "placement": "inspector",
                "width": "100",
                "hide_if_not_selected": "false",
                "save_in_meta": "false",
                "save_in_meta_name": "",
                "required": "false",
                "placeholder": "",
                "characters_limit": "",
                "choices": [
                    {
                        "label": "Center",
                        "value": "center"
                    },
                    {
                        "label": "Left",
                        "value": "left"
                    },
                    {
                        "label": "Right",
                        "value": "right"
                    }
                ]
            }
        },
        "code": {
            "editor_html": "<style>\n  .feature {\n    display: flex;\n  }\n  \n  .feature .icon img {\n    max-width: 50px;\n  }\n  \n  .feature.top, .feature.bottom {\n    flex-direction: column;\n    text-align:center;\n  }\n  \n  .feature.top .icon, .feature.bottom .icon {\n    margin-bottom:5px;\n  }\n  \n  .feature.left .icon, .feature.right .icon {\n    margin-right: 10px;\n  }\n<\/style>\n\n<div class=\"feature {{layout}}\">\n  {{#if icon.url}}<div class=\"icon\"><img src=\"{{icon.url}}\"\/><\/div>{{\/if}}\n  <div class=\"meta\">\n    {{#if title}}<h4 style=\"margin:0;\">{{title}}<\/h4>{{\/if}}\n    {{#if subtitle}}<p style=\"margin:0;\">{{subtitle}}<\/p>{{\/if}}\n  <\/div>\n<\/div>",
            "editor_callback": "",
            "editor_css": "",
            "frontend_html": "",
            "frontend_callback": "",
            "frontend_css": "",
            "show_preview": "always",
            "single_output": false,
            "use_php": false
        },
        "condition": []
    },
    {
        "id": 294652,
        "title": "Section Title",
        "icon": "<svg xmlns=\"http:\/\/www.w3.org\/2000\/svg\" width=\"24\" height=\"24\" viewBox=\"0 0 24 24\"><path d=\"M5 17v2h14v-2H5zm4.5-4.2h5l.9 2.2h2.1L12.75 4h-1.5L6.5 15h2.1l.9-2.2zM12 5.98L13.87 11h-3.74L12 5.98z\" \/><\/svg>",
        "keywords": [],
        "slug": "lazyblock\/section-title",
        "description": "",
        "category": "common",
        "category_label": "common",
        "supports": {
            "customClassName": true,
            "anchor": false,
            "align": [
                "wide",
                "full"
            ],
            "html": false,
            "multiple": true,
            "inserter": true
        },
        "ghostkit": {
            "supports": {
                "spacings": false,
                "display": false,
                "scrollReveal": false
            }
        },
        "controls": {
            "control_0318564885": {
                "type": "textarea",
                "name": "title",
                "default": "",
                "label": "Title",
                "help": "",
                "child_of": "",
                "placement": "inspector",
                "width": "100",
                "hide_if_not_selected": "false",
                "save_in_meta": "false",
                "save_in_meta_name": "",
                "required": "true",
                "placeholder": "",
                "characters_limit": ""
            },
            "control_6fcb2c4640": {
                "type": "textarea",
                "name": "subtitle",
                "default": "",
                "label": "Subtitle",
                "help": "",
                "child_of": "",
                "placement": "inspector",
                "width": "100",
                "hide_if_not_selected": "false",
                "save_in_meta": "false",
                "save_in_meta_name": "",
                "required": "false",
                "placeholder": "",
                "characters_limit": ""
            },
            "control_6e59bb4ac3": {
                "type": "select",
                "name": "textAlign",
                "default": "center",
                "label": "Text Align",
                "help": "",
                "child_of": "",
                "placement": "inspector",
                "width": "100",
                "hide_if_not_selected": "false",
                "save_in_meta": "false",
                "save_in_meta_name": "",
                "required": "false",
                "placeholder": "",
                "characters_limit": "",
                "choices": [
                    {
                        "label": "Center",
                        "value": "center"
                    },
                    {
                        "label": "Left",
                        "value": "left"
                    },
                    {
                        "label": "Right",
                        "value": "right"
                    }
                ]
            },
            "control_9d38be4dc8": {
                "type": "range",
                "name": "level",
                "default": "2",
                "label": "Level",
                "help": "",
                "child_of": "",
                "placement": "inspector",
                "width": "100",
                "hide_if_not_selected": "false",
                "save_in_meta": "false",
                "save_in_meta_name": "",
                "required": "false",
                "placeholder": "",
                "characters_limit": "",
                "min": "2",
                "max": "5",
                "step": "1"
            },
            "control_5dfad649d5": {
                "type": "text",
                "name": "titleClass",
                "default": "",
                "label": "Title Class",
                "help": "",
                "child_of": "",
                "placement": "inspector",
                "width": "100",
                "hide_if_not_selected": "false",
                "save_in_meta": "false",
                "save_in_meta_name": "",
                "required": "false",
                "placeholder": "",
                "characters_limit": ""
            },
            "control_91e8f24c71": {
                "type": "text",
                "name": "subtitleClass",
                "default": "",
                "label": "Subtitle Class",
                "help": "",
                "child_of": "",
                "placement": "inspector",
                "width": "100",
                "hide_if_not_selected": "false",
                "save_in_meta": "false",
                "save_in_meta_name": "",
                "required": "false",
                "placeholder": "",
                "characters_limit": ""
            },
            "control_62f99046d9": {
                "type": "toggle",
                "name": "divider",
                "default": "",
                "label": "Divider",
                "help": "",
                "child_of": "",
                "placement": "inspector",
                "width": "100",
                "hide_if_not_selected": "false",
                "save_in_meta": "false",
                "save_in_meta_name": "",
                "required": "false",
                "placeholder": "",
                "characters_limit": ""
            },
            "control_d5bb084291": {
                "type": "text",
                "name": "dividerClass",
                "default": "",
                "label": "Divider Class",
                "help": "",
                "child_of": "",
                "placement": "inspector",
                "width": "100",
                "hide_if_not_selected": "false",
                "save_in_meta": "false",
                "save_in_meta_name": "",
                "required": "false",
                "placeholder": "",
                "characters_limit": ""
            }
        },
        "code": {
            "editor_html": "<div style=\"text-align:{{textAlign}};\">\n  {{#if title}}<h2 style=\"margin-bottom:5px; margin-top:0;\">{{title}}<\/h2>{{\/if}}\n  {{#if subtitle}}<p style=\"margin:0;\">{{subtitle}}<\/p>{{\/if}}\n<\/div>",
            "editor_callback": "",
            "editor_css": "",
            "frontend_html": "",
            "frontend_callback": "",
            "frontend_css": "",
            "show_preview": "always",
            "single_output": false,
            "use_php": false
        },
        "condition": []
    },
    {
        "id": 294651,
        "title": "Theme Buttons",
        "icon": "<svg xmlns=\"http:\/\/www.w3.org\/2000\/svg\" width=\"24\" height=\"24\" viewBox=\"0 0 24 24\"><path d=\"M6 6h12v12H6z\" \/><\/svg>",
        "keywords": [],
        "slug": "lazyblock\/theme-buttons",
        "description": "",
        "category": "common",
        "category_label": "common",
        "supports": {
            "customClassName": true,
            "anchor": false,
            "align": [
                "wide",
                "full"
            ],
            "html": false,
            "multiple": true,
            "inserter": true
        },
        "ghostkit": {
            "supports": {
                "spacings": false,
                "display": false,
                "scrollReveal": false
            }
        },
        "controls": {
            "control_59ea434379": {
                "type": "repeater",
                "name": "buttons",
                "default": "",
                "label": "Buttons",
                "help": "",
                "child_of": "",
                "placement": "inspector",
                "width": "100",
                "hide_if_not_selected": "false",
                "save_in_meta": "false",
                "save_in_meta_name": "",
                "required": "false",
                "placeholder": "",
                "characters_limit": "",
                "rows_label": "Button",
                "rows_add_button_label": "+ Add Button",
                "rows_min": "1",
                "rows_max": "4",
                "rows_collapsible": "false"
            },
            "control_c8d9c64d59": {
                "type": "select",
                "name": "themeButtonType",
                "default": "default",
                "label": "Button Type",
                "help": "",
                "child_of": "control_59ea434379",
                "placement": "content",
                "width": "100",
                "hide_if_not_selected": "false",
                "save_in_meta": "false",
                "save_in_meta_name": "",
                "required": "false",
                "placeholder": "",
                "characters_limit": "",
                "choices": [
                    {
                        "label": "Default",
                        "value": "default"
                    },
                    {
                        "label": "Primary",
                        "value": "primary"
                    },
                    {
                        "label": "Secondary",
                        "value": "secondary"
                    },
                    {
                        "label": "White",
                        "value": "white"
                    }
                ]
            },
            "control_ce4870492e": {
                "type": "toggle",
                "name": "ghost",
                "default": "",
                "label": "Ghost (Outlined Only)",
                "help": "",
                "child_of": "control_59ea434379",
                "placement": "content",
                "width": "100",
                "hide_if_not_selected": "false",
                "save_in_meta": "false",
                "save_in_meta_name": "",
                "required": "false",
                "placeholder": "",
                "characters_limit": ""
            },
            "control_c979cc459f": {
                "type": "toggle",
                "name": "block",
                "default": "",
                "label": "Block (Full Width)",
                "help": "",
                "child_of": "control_59ea434379",
                "placement": "content",
                "width": "100",
                "hide_if_not_selected": "false",
                "save_in_meta": "false",
                "save_in_meta_name": "",
                "required": "false",
                "placeholder": "",
                "characters_limit": ""
            },
            "control_5b78b848b0": {
                "type": "select",
                "name": "themeButtonSize",
                "default": "medium",
                "label": "Size",
                "help": "",
                "child_of": "control_59ea434379",
                "placement": "content",
                "width": "100",
                "hide_if_not_selected": "false",
                "save_in_meta": "false",
                "save_in_meta_name": "",
                "required": "false",
                "placeholder": "",
                "characters_limit": "",
                "choices": [
                    {
                        "label": "Medium (Default)",
                        "value": "default"
                    },
                    {
                        "label": "Small",
                        "value": "small"
                    },
                    {
                        "label": "Large",
                        "value": "large"
                    }
                ]
            },
            "control_de196248ba": {
                "type": "text",
                "name": "label",
                "default": "Click me!",
                "label": "Label",
                "help": "",
                "child_of": "control_59ea434379",
                "placement": "content",
                "width": "100",
                "hide_if_not_selected": "false",
                "save_in_meta": "false",
                "save_in_meta_name": "",
                "required": "false",
                "placeholder": "",
                "characters_limit": ""
            },
            "control_322ba34ecf": {
                "type": "text",
                "name": "link",
                "default": "",
                "label": "Link",
                "help": "",
                "child_of": "control_59ea434379",
                "placement": "content",
                "width": "100",
                "hide_if_not_selected": "false",
                "save_in_meta": "false",
                "save_in_meta_name": "",
                "required": "false",
                "placeholder": "",
                "characters_limit": ""
            },
            "control_ccc9ea4e87": {
                "type": "select",
                "name": "alignButtons",
                "default": "left",
                "label": "Align",
                "help": "",
                "child_of": "",
                "placement": "inspector",
                "width": "100",
                "hide_if_not_selected": "false",
                "save_in_meta": "false",
                "save_in_meta_name": "",
                "required": "false",
                "placeholder": "",
                "characters_limit": "",
                "choices": [
                    {
                        "label": "Left",
                        "value": "left"
                    },
                    {
                        "label": "Right",
                        "value": "right"
                    },
                    {
                        "label": "Center",
                        "value": "center"
                    }
                ]
            },
            "control_8998df4f33": {
                "type": "text",
                "name": "className",
                "default": "",
                "label": "Class Name",
                "help": "",
                "child_of": "control_59ea434379",
                "placement": "content",
                "width": "100",
                "hide_if_not_selected": "false",
                "save_in_meta": "false",
                "save_in_meta_name": "",
                "required": "false",
                "placeholder": "",
                "characters_limit": ""
            }
        },
        "code": {
            "editor_html": "<style>\n  .wgp-button {\n    display: inline-block;\n    outline:0;\n    border:0;\n    background-color: #333;\n    color:white;\n    padding:10px 15px;\n  }\n<\/style>\n{{#each buttons}}\n    <button class=\"wgp-button\">{{this.label}}<\/button>\n{{\/each}}\n",
            "editor_callback": "",
            "editor_css": "",
            "frontend_html": "",
            "frontend_callback": "",
            "frontend_css": "",
            "show_preview": "always",
            "single_output": false,
            "use_php": false
        },
        "condition": []
    },
    {
        "id": 294650,
        "title": "Inner Row Block",
        "icon": "<svg width=\"24\" height=\"24\" viewBox=\"0 0 24 24\" xmlns=\"http:\/\/www.w3.org\/2000\/svg\">\n<rect opacity=\"0.25\" width=\"15\" height=\"15\" rx=\"4\" transform=\"matrix(-1 0 0 1 22 7)\" fill=\"currentColor\" \/>\n<rect width=\"15\" height=\"15\" rx=\"4\" transform=\"matrix(-1 0 0 1 17 2)\" fill=\"currentColor\" \/>\n<\/svg>\n",
        "keywords": [],
        "slug": "lazyblock\/inner-row-block",
        "description": "",
        "category": "lazyblocks",
        "category_label": "lazyblocks",
        "supports": {
            "customClassName": true,
            "anchor": true,
            "align": [
                "wide",
                "full"
            ],
            "html": false,
            "multiple": true,
            "inserter": true
        },
        "ghostkit": {
            "supports": {
                "spacings": false,
                "display": false,
                "scrollReveal": false
            }
        },
        "controls": {
            "control_26e9e941d5": {
                "type": "inner_blocks",
                "name": "content",
                "default": "",
                "label": "",
                "help": "",
                "child_of": "",
                "placement": "content",
                "width": "100",
                "hide_if_not_selected": "false",
                "save_in_meta": "false",
                "save_in_meta_name": "",
                "required": "false",
                "placeholder": "",
                "characters_limit": ""
            }
        },
        "code": {
            "editor_html": "<style>\n  .lazyblock .lzb-content-controls, .lazyblock .lzb-content-title {\n    position: relative;\n    z-index: 1;\n  }\n<\/style>\n<div style=\"position:absolute; top:0; left:0; right:0; bottom: 0; background-color: #f5f5f5;\">\n  \n<\/div>",
            "editor_callback": "",
            "editor_css": "",
            "frontend_html": "",
            "frontend_callback": "",
            "frontend_css": "",
            "show_preview": "always",
            "single_output": false,
            "use_php": false
        },
        "condition": []
    },
    {
        "id": 294649,
        "title": "Enquiry Form",
        "icon": "<svg xmlns=\"http:\/\/www.w3.org\/2000\/svg\" width=\"24\" height=\"24\" viewBox=\"0 0 24 24\"><path d=\"M2.01 21L23 12 2.01 3 2 10l15 2-15 2z\" \/><\/svg>",
        "keywords": [],
        "slug": "lazyblock\/enquiry-form",
        "description": "",
        "category": "common",
        "category_label": "common",
        "supports": {
            "customClassName": true,
            "anchor": false,
            "align": [
                "wide",
                "full",
                "left",
                "center",
                "right"
            ],
            "html": false,
            "multiple": true,
            "inserter": true
        },
        "ghostkit": {
            "supports": {
                "spacings": false,
                "display": false,
                "scrollReveal": false
            }
        },
        "controls": {
            "control_2839c946bf": {
                "type": "select",
                "name": "enquiryType",
                "default": "customer",
                "label": "Enquiry Type",
                "help": "",
                "child_of": "",
                "placement": "inspector",
                "width": "100",
                "hide_if_not_selected": "false",
                "save_in_meta": "false",
                "save_in_meta_name": "",
                "required": "false",
                "placeholder": "",
                "characters_limit": "",
                "choices": [
                    {
                        "label": "Customer Enquiry",
                        "value": "customer"
                    },
                    {
                        "label": "Business Enquiry",
                        "value": "business"
                    }
                ]
            },
            "control_2eda074f7f": {
                "type": "select",
                "name": "buttonType",
                "default": "primary",
                "label": "Button Type",
                "help": "",
                "child_of": "",
                "placement": "inspector",
                "width": "100",
                "hide_if_not_selected": "false",
                "save_in_meta": "false",
                "save_in_meta_name": "",
                "required": "false",
                "placeholder": "",
                "characters_limit": "",
                "choices": [
                    {
                        "label": "Primary",
                        "value": "primary"
                    },
                    {
                        "label": "Secondary",
                        "value": "secondary"
                    },
                    {
                        "label": "Default",
                        "value": "default"
                    }
                ]
            }
        },
        "code": {
            "editor_html": "",
            "editor_callback": "",
            "editor_css": "",
            "frontend_html": "",
            "frontend_callback": "",
            "frontend_css": "",
            "show_preview": "always",
            "single_output": false,
            "use_php": false
        },
        "condition": []
    },
    {
        "id": 294648,
        "title": "Recent Blog Posts",
        "icon": "<svg xmlns=\"http:\/\/www.w3.org\/2000\/svg\" width=\"24\" height=\"24\" viewBox=\"0 0 24 24\"><path d=\"M3 13h2v-2H3v2zm0 4h2v-2H3v2zm2 4v-2H3c0 1.1.89 2 2 2zM3 9h2V7H3v2zm12 12h2v-2h-2v2zm4-18H9c-1.11 0-2 .9-2 2v10c0 1.1.89 2 2 2h10c1.1 0 2-.9 2-2V5c0-1.1-.9-2-2-2zm0 12H9V5h10v10zm-8 6h2v-2h-2v2zm-4 0h2v-2H7v2z\" \/><\/svg>",
        "keywords": [],
        "slug": "lazyblock\/recent-blog-posts",
        "description": "",
        "category": "common",
        "category_label": "common",
        "supports": {
            "customClassName": true,
            "anchor": false,
            "align": [
                "wide",
                "full"
            ],
            "html": false,
            "multiple": true,
            "inserter": true
        },
        "ghostkit": {
            "supports": {
                "spacings": false,
                "display": false,
                "scrollReveal": false
            }
        },
        "controls": {
            "control_7608a34214": {
                "type": "select",
                "name": "displayType",
                "default": "carousel",
                "label": "Type",
                "help": "",
                "child_of": "",
                "placement": "inspector",
                "width": "100",
                "hide_if_not_selected": "false",
                "save_in_meta": "false",
                "save_in_meta_name": "",
                "required": "false",
                "placeholder": "",
                "characters_limit": "",
                "choices": [
                    {
                        "label": "Carousel",
                        "value": "carousel"
                    }
                ]
            },
            "control_ed8bfc4c11": {
                "type": "number",
                "name": "showPosts",
                "default": "12",
                "label": "Show Posts",
                "help": "",
                "child_of": "",
                "placement": "inspector",
                "width": "100",
                "hide_if_not_selected": "false",
                "save_in_meta": "false",
                "save_in_meta_name": "",
                "required": "false",
                "placeholder": "",
                "characters_limit": "",
                "min": "1",
                "max": "36",
                "step": "1"
            }
        },
        "code": {
            "editor_html": "",
            "editor_callback": "",
            "editor_css": "",
            "frontend_html": "",
            "frontend_callback": "",
            "frontend_css": "",
            "show_preview": "always",
            "single_output": false,
            "use_php": false
        },
        "condition": []
    },
    {
        "id": 294647,
        "title": "Update Bar",
        "icon": "<svg xmlns=\"http:\/\/www.w3.org\/2000\/svg\" width=\"24\" height=\"24\" viewBox=\"0 0 24 24\"><path d=\"M20 2H4c-1.1 0-1.99.9-1.99 2L2 22l4-4h14c1.1 0 2-.9 2-2V4c0-1.1-.9-2-2-2zm-7 12h-2v-2h2v2zm0-4h-2V6h2v4z\" \/><\/svg>",
        "keywords": [],
        "slug": "lazyblock\/update-bar",
        "description": "",
        "category": "lazyblocks",
        "category_label": "lazyblocks",
        "supports": {
            "customClassName": true,
            "anchor": false,
            "align": [
                "wide",
                "full"
            ],
            "html": false,
            "multiple": true,
            "inserter": true
        },
        "ghostkit": {
            "supports": {
                "spacings": false,
                "display": false,
                "scrollReveal": false
            }
        },
        "controls": {
            "control_441a2c40be": {
                "type": "color",
                "name": "backgroundColor",
                "default": "#ffffff",
                "label": "Background Color",
                "help": "",
                "child_of": "",
                "placement": "inspector",
                "width": "100",
                "hide_if_not_selected": "false",
                "save_in_meta": "false",
                "save_in_meta_name": "",
                "required": "false",
                "placeholder": "",
                "characters_limit": ""
            },
            "control_c3a843494d": {
                "type": "checkbox",
                "name": "useLightText",
                "default": "",
                "label": "Use Light Text",
                "help": "",
                "child_of": "",
                "placement": "inspector",
                "width": "100",
                "hide_if_not_selected": "false",
                "save_in_meta": "false",
                "save_in_meta_name": "",
                "required": "false",
                "placeholder": "",
                "characters_limit": "",
                "checked": "false"
            },
            "control_0e09f04dee": {
                "type": "classic_editor",
                "name": "text",
                "default": "",
                "label": "Text",
                "help": "",
                "child_of": "",
                "placement": "inspector",
                "width": "100",
                "hide_if_not_selected": "false",
                "save_in_meta": "false",
                "save_in_meta_name": "",
                "required": "false",
                "placeholder": "",
                "characters_limit": ""
            },
            "control_25b80f40fe": {
                "type": "text",
                "name": "buttonLabel",
                "default": "",
                "label": "Button Label",
                "help": "",
                "child_of": "",
                "placement": "inspector",
                "width": "100",
                "hide_if_not_selected": "false",
                "save_in_meta": "false",
                "save_in_meta_name": "",
                "required": "false",
                "placeholder": "",
                "characters_limit": ""
            },
            "control_33bab84d56": {
                "type": "url",
                "name": "buttonLink",
                "default": "",
                "label": "Button Link",
                "help": "",
                "child_of": "",
                "placement": "inspector",
                "width": "100",
                "hide_if_not_selected": "false",
                "save_in_meta": "false",
                "save_in_meta_name": "",
                "required": "false",
                "placeholder": "",
                "characters_limit": ""
            },
            "control_691bda4e3e": {
                "type": "select",
                "name": "buttonType",
                "default": "secondary",
                "label": "Button Type",
                "help": "",
                "child_of": "",
                "placement": "inspector",
                "width": "100",
                "hide_if_not_selected": "false",
                "save_in_meta": "false",
                "save_in_meta_name": "",
                "required": "false",
                "placeholder": "",
                "characters_limit": "",
                "choices": [
                    {
                        "label": "Default",
                        "value": "default"
                    },
                    {
                        "label": "Primary",
                        "value": "primary"
                    },
                    {
                        "label": "Secondary",
                        "value": "secondary"
                    },
                    {
                        "label": "White",
                        "value": "white"
                    }
                ]
            },
            "control_211ae645a7": {
                "type": "checkbox",
                "name": "buttonGhost",
                "default": "",
                "label": "Button Ghost (Outlined Only)",
                "help": "",
                "child_of": "",
                "placement": "inspector",
                "width": "100",
                "hide_if_not_selected": "false",
                "save_in_meta": "false",
                "save_in_meta_name": "",
                "required": "false",
                "placeholder": "",
                "characters_limit": ""
            },
            "control_843a7b4eaf": {
                "type": "select",
                "name": "buttonSize",
                "default": "small",
                "label": "Button Size",
                "help": "",
                "child_of": "",
                "placement": "inspector",
                "width": "100",
                "hide_if_not_selected": "false",
                "save_in_meta": "false",
                "save_in_meta_name": "",
                "required": "false",
                "placeholder": "",
                "characters_limit": "",
                "choices": [
                    {
                        "label": "Medium",
                        "value": "default"
                    },
                    {
                        "label": "Small",
                        "value": "small"
                    }
                ]
            },
            "control_0c89514afc": {
                "type": "text",
                "name": "buttonClassName",
                "default": "",
                "label": "Button Class Name",
                "help": "",
                "child_of": "",
                "placement": "inspector",
                "width": "100",
                "hide_if_not_selected": "false",
                "save_in_meta": "false",
                "save_in_meta_name": "",
                "required": "false",
                "placeholder": "",
                "characters_limit": ""
            },
            "control_b8aa5440e3": {
                "type": "text",
                "name": "textClassName",
                "default": "",
                "label": "Text Class Name",
                "help": "",
                "child_of": "",
                "placement": "inspector",
                "width": "100",
                "hide_if_not_selected": "false",
                "save_in_meta": "false",
                "save_in_meta_name": "",
                "required": "false",
                "placeholder": "",
                "characters_limit": ""
            }
        },
        "code": {
            "editor_html": "",
            "editor_callback": "",
            "editor_css": "",
            "frontend_html": "",
            "frontend_callback": "",
            "frontend_css": "",
            "show_preview": "always",
            "single_output": false,
            "use_php": false
        },
        "condition": []
    }
]