<?xml version="1.0" encoding="UTF-8" ?>
<!-- This is a WordPress eXtended RSS file generated by WordPress as an export of your site. -->
<!-- It contains information about your site's posts, pages, comments, categories, and other content. -->
<!-- You may use this file to transfer that content from one site to another. -->
<!-- This file is not intended to serve as a complete backup of your site. -->

<!-- To import this information into a WordPress site follow these steps: -->
<!-- 1. Log in to that site as an administrator. -->
<!-- 2. Go to Tools: Import in the WordPress admin panel. -->
<!-- 3. Install the "WordPress" importer from the list. -->
<!-- 4. Activate & Run Importer. -->
<!-- 5. Upload this file using the form provided on that page. -->
<!-- 6. You will first be asked to map the authors in this export file to users -->
<!--    on the site. For each author, you may choose to map to an -->
<!--    existing user on the site or to create a new user. -->
<!-- 7. WordPress will then import each of the posts, pages, comments, categories, etc. -->
<!--    contained in this file into your site. -->

	<!-- generator="WordPress/5.7.2" created="2021-07-14 10:29" -->
<rss version="2.0"
	xmlns:excerpt="http://wordpress.org/export/1.2/excerpt/"
	xmlns:content="http://purl.org/rss/1.0/modules/content/"
	xmlns:wfw="http://wellformedweb.org/CommentAPI/"
	xmlns:dc="http://purl.org/dc/elements/1.1/"
	xmlns:wp="http://wordpress.org/export/1.2/"
>

<channel>
	<title>Golden Holiday Villas</title>
	<link>https://golden.rentivo.com</link>
	<description>Luxury beach villas for couples, families &#38; corporate retreats</description>
	<pubDate>Wed, 14 Jul 2021 10:29:41 +0000</pubDate>
	<language>en-US</language>
	<wp:wxr_version>1.2</wp:wxr_version>
	<wp:base_site_url>https://golden.rentivo.com</wp:base_site_url>
	<wp:base_blog_url>https://golden.rentivo.com</wp:base_blog_url>

		<wp:author><wp:author_id>1</wp:author_id><wp:author_login><![CDATA[rentivo]]></wp:author_login><wp:author_email><![CDATA[danny@rentivo.com]]></wp:author_email><wp:author_display_name><![CDATA[rentivo]]></wp:author_display_name><wp:author_first_name><![CDATA[]]></wp:author_first_name><wp:author_last_name><![CDATA[]]></wp:author_last_name></wp:author>

				
	<generator>https://wordpress.org/?v=5.7.2</generator>

		<item>
		<title><![CDATA[Koh Samui]]></title>
		<link>https://golden.rentivo.com/search/koh-samui/</link>
		<pubDate>Fri, 25 Jun 2021 10:19:23 +0000</pubDate>
		<dc:creator><![CDATA[rentivo]]></dc:creator>
		<guid isPermaLink="false">https://golden.rentivo.com/?post_type=collections&#038;p=168</guid>
		<description></description>
		<content:encoded><![CDATA[]]></content:encoded>
		<excerpt:encoded><![CDATA[]]></excerpt:encoded>
		<wp:post_id>168</wp:post_id>
		<wp:post_date><![CDATA[2021-06-25 10:19:23]]></wp:post_date>
		<wp:post_date_gmt><![CDATA[2021-06-25 10:19:23]]></wp:post_date_gmt>
		<wp:post_modified><![CDATA[2021-06-25 10:35:50]]></wp:post_modified>
		<wp:post_modified_gmt><![CDATA[2021-06-25 10:35:50]]></wp:post_modified_gmt>
		<wp:comment_status><![CDATA[closed]]></wp:comment_status>
		<wp:ping_status><![CDATA[closed]]></wp:ping_status>
		<wp:post_name><![CDATA[koh-samui]]></wp:post_name>
		<wp:status><![CDATA[publish]]></wp:status>
		<wp:post_parent>0</wp:post_parent>
		<wp:menu_order>0</wp:menu_order>
		<wp:post_type><![CDATA[collections]]></wp:post_type>
		<wp:post_password><![CDATA[]]></wp:post_password>
		<wp:is_sticky>0</wp:is_sticky>
										<category domain="language" nicename="en"><![CDATA[English]]></category>
						<wp:postmeta>
		<wp:meta_key><![CDATA[inline_featured_image]]></wp:meta_key>
		<wp:meta_value><![CDATA[0]]></wp:meta_value>
		</wp:postmeta>
							<wp:postmeta>
		<wp:meta_key><![CDATA[_edit_last]]></wp:meta_key>
		<wp:meta_value><![CDATA[1]]></wp:meta_value>
		</wp:postmeta>
							<wp:postmeta>
		<wp:meta_key><![CDATA[page_title]]></wp:meta_key>
		<wp:meta_value><![CDATA[]]></wp:meta_value>
		</wp:postmeta>
							<wp:postmeta>
		<wp:meta_key><![CDATA[_page_title]]></wp:meta_key>
		<wp:meta_value><![CDATA[field_5e3d2cc66bae5]]></wp:meta_value>
		</wp:postmeta>
							<wp:postmeta>
		<wp:meta_key><![CDATA[page_subtitle]]></wp:meta_key>
		<wp:meta_value><![CDATA[]]></wp:meta_value>
		</wp:postmeta>
							<wp:postmeta>
		<wp:meta_key><![CDATA[_page_subtitle]]></wp:meta_key>
		<wp:meta_value><![CDATA[field_5e3d2cd26bae6]]></wp:meta_value>
		</wp:postmeta>
							<wp:postmeta>
		<wp:meta_key><![CDATA[seo_title]]></wp:meta_key>
		<wp:meta_value><![CDATA[]]></wp:meta_value>
		</wp:postmeta>
							<wp:postmeta>
		<wp:meta_key><![CDATA[_seo_title]]></wp:meta_key>
		<wp:meta_value><![CDATA[field_5e3d2cf147c16]]></wp:meta_value>
		</wp:postmeta>
							<wp:postmeta>
		<wp:meta_key><![CDATA[seo_meta_description]]></wp:meta_key>
		<wp:meta_value><![CDATA[]]></wp:meta_value>
		</wp:postmeta>
							<wp:postmeta>
		<wp:meta_key><![CDATA[_seo_meta_description]]></wp:meta_key>
		<wp:meta_value><![CDATA[field_5e3d2d0047c17]]></wp:meta_value>
		</wp:postmeta>
							<wp:postmeta>
		<wp:meta_key><![CDATA[name]]></wp:meta_key>
		<wp:meta_value><![CDATA[Koh Samui]]></wp:meta_value>
		</wp:postmeta>
							<wp:postmeta>
		<wp:meta_key><![CDATA[_name]]></wp:meta_key>
		<wp:meta_value><![CDATA[field_5d9496c0c7059]]></wp:meta_value>
		</wp:postmeta>
							<wp:postmeta>
		<wp:meta_key><![CDATA[use_collection_rules]]></wp:meta_key>
		<wp:meta_value><![CDATA[1]]></wp:meta_value>
		</wp:postmeta>
							<wp:postmeta>
		<wp:meta_key><![CDATA[_use_collection_rules]]></wp:meta_key>
		<wp:meta_value><![CDATA[field_5da0721747fd2]]></wp:meta_value>
		</wp:postmeta>
							<wp:postmeta>
		<wp:meta_key><![CDATA[in_tree]]></wp:meta_key>
		<wp:meta_value><![CDATA[1]]></wp:meta_value>
		</wp:postmeta>
							<wp:postmeta>
		<wp:meta_key><![CDATA[_in_tree]]></wp:meta_key>
		<wp:meta_value><![CDATA[field_5e00e5b68c1e9]]></wp:meta_value>
		</wp:postmeta>
							<wp:postmeta>
		<wp:meta_key><![CDATA[in_nested_selector]]></wp:meta_key>
		<wp:meta_value><![CDATA[1]]></wp:meta_value>
		</wp:postmeta>
							<wp:postmeta>
		<wp:meta_key><![CDATA[_in_nested_selector]]></wp:meta_key>
		<wp:meta_value><![CDATA[field_5f1573f157394]]></wp:meta_value>
		</wp:postmeta>
							<wp:postmeta>
		<wp:meta_key><![CDATA[collection_type]]></wp:meta_key>
		<wp:meta_value><![CDATA[destination]]></wp:meta_value>
		</wp:postmeta>
							<wp:postmeta>
		<wp:meta_key><![CDATA[_collection_type]]></wp:meta_key>
		<wp:meta_value><![CDATA[field_5e7c98d6768e6]]></wp:meta_value>
		</wp:postmeta>
							<wp:postmeta>
		<wp:meta_key><![CDATA[destination_type]]></wp:meta_key>
		<wp:meta_value><![CDATA[innerRegion]]></wp:meta_value>
		</wp:postmeta>
							<wp:postmeta>
		<wp:meta_key><![CDATA[_destination_type]]></wp:meta_key>
		<wp:meta_value><![CDATA[field_5df8b1a1b8b3c]]></wp:meta_value>
		</wp:postmeta>
							<wp:postmeta>
		<wp:meta_key><![CDATA[destination_name]]></wp:meta_key>
		<wp:meta_value><![CDATA[Koh Samui]]></wp:meta_value>
		</wp:postmeta>
							<wp:postmeta>
		<wp:meta_key><![CDATA[_destination_name]]></wp:meta_key>
		<wp:meta_value><![CDATA[field_5df8decdb8b3d]]></wp:meta_value>
		</wp:postmeta>
							<wp:postmeta>
		<wp:meta_key><![CDATA[destination_bounding_box]]></wp:meta_key>
		<wp:meta_value><![CDATA[a:12:{s:7:"address";s:51:"Koh Samui, Ko Samui District, Surat Thani, Thailand";s:3:"lat";d:9.5214157;s:3:"lng";d:100.0482144;s:11:"coordinates";a:2:{i:0;a:2:{i:0;d:99.65013441956222;i:1;d:9.300729270441792;}i:1;a:2:{i:0;d:100.0906548371837;i:1;d:9.801232439702698;}}s:5:"shape";s:9:"rectangle";s:4:"zoom";i:11;s:8:"place_id";s:27:"ChIJcyZmHFDxVDAR0IA2LLwjAgM";s:4:"city";s:9:"Koh Samui";s:5:"state";s:11:"Surat Thani";s:11:"state_short";s:40:"จ.สุราษฎร์ธานี";s:7:"country";s:8:"Thailand";s:13:"country_short";s:2:"TH";}]]></wp:meta_value>
		</wp:postmeta>
							<wp:postmeta>
		<wp:meta_key><![CDATA[_destination_bounding_box]]></wp:meta_key>
		<wp:meta_value><![CDATA[field_5f310d8e3483d]]></wp:meta_value>
		</wp:postmeta>
							<wp:postmeta>
		<wp:meta_key><![CDATA[destination]]></wp:meta_key>
		<wp:meta_value><![CDATA[]]></wp:meta_value>
		</wp:postmeta>
							<wp:postmeta>
		<wp:meta_key><![CDATA[_destination]]></wp:meta_key>
		<wp:meta_value><![CDATA[field_5d949736c705c]]></wp:meta_value>
		</wp:postmeta>
							<wp:postmeta>
		<wp:meta_key><![CDATA[filters]]></wp:meta_key>
		<wp:meta_value><![CDATA[]]></wp:meta_value>
		</wp:postmeta>
							<wp:postmeta>
		<wp:meta_key><![CDATA[_filters]]></wp:meta_key>
		<wp:meta_value><![CDATA[field_5e7c99b9768e8]]></wp:meta_value>
		</wp:postmeta>
							<wp:postmeta>
		<wp:meta_key><![CDATA[element_parents]]></wp:meta_key>
		<wp:meta_value><![CDATA[a:1:{i:0;s:3:"209";}]]></wp:meta_value>
		</wp:postmeta>
							<wp:postmeta>
		<wp:meta_key><![CDATA[_element_parents]]></wp:meta_key>
		<wp:meta_value><![CDATA[field_5e562f92d2a2b]]></wp:meta_value>
		</wp:postmeta>
							<wp:postmeta>
		<wp:meta_key><![CDATA[element_children]]></wp:meta_key>
		<wp:meta_value><![CDATA[]]></wp:meta_value>
		</wp:postmeta>
							<wp:postmeta>
		<wp:meta_key><![CDATA[_element_children]]></wp:meta_key>
		<wp:meta_value><![CDATA[field_5e562fbfd2a2c]]></wp:meta_value>
		</wp:postmeta>
							</item>
					<item>
		<title><![CDATA[Phuket]]></title>
		<link>https://golden.rentivo.com/search/phuket/</link>
		<pubDate>Fri, 25 Jun 2021 10:21:24 +0000</pubDate>
		<dc:creator><![CDATA[rentivo]]></dc:creator>
		<guid isPermaLink="false">https://golden.rentivo.com/?post_type=collections&#038;p=172</guid>
		<description></description>
		<content:encoded><![CDATA[]]></content:encoded>
		<excerpt:encoded><![CDATA[]]></excerpt:encoded>
		<wp:post_id>172</wp:post_id>
		<wp:post_date><![CDATA[2021-06-25 10:21:24]]></wp:post_date>
		<wp:post_date_gmt><![CDATA[2021-06-25 10:21:24]]></wp:post_date_gmt>
		<wp:post_modified><![CDATA[2021-06-25 10:35:33]]></wp:post_modified>
		<wp:post_modified_gmt><![CDATA[2021-06-25 10:35:33]]></wp:post_modified_gmt>
		<wp:comment_status><![CDATA[closed]]></wp:comment_status>
		<wp:ping_status><![CDATA[closed]]></wp:ping_status>
		<wp:post_name><![CDATA[phuket]]></wp:post_name>
		<wp:status><![CDATA[publish]]></wp:status>
		<wp:post_parent>0</wp:post_parent>
		<wp:menu_order>0</wp:menu_order>
		<wp:post_type><![CDATA[collections]]></wp:post_type>
		<wp:post_password><![CDATA[]]></wp:post_password>
		<wp:is_sticky>0</wp:is_sticky>
										<category domain="language" nicename="en"><![CDATA[English]]></category>
						<wp:postmeta>
		<wp:meta_key><![CDATA[inline_featured_image]]></wp:meta_key>
		<wp:meta_value><![CDATA[0]]></wp:meta_value>
		</wp:postmeta>
							<wp:postmeta>
		<wp:meta_key><![CDATA[_edit_last]]></wp:meta_key>
		<wp:meta_value><![CDATA[1]]></wp:meta_value>
		</wp:postmeta>
							<wp:postmeta>
		<wp:meta_key><![CDATA[page_title]]></wp:meta_key>
		<wp:meta_value><![CDATA[]]></wp:meta_value>
		</wp:postmeta>
							<wp:postmeta>
		<wp:meta_key><![CDATA[_page_title]]></wp:meta_key>
		<wp:meta_value><![CDATA[field_5e3d2cc66bae5]]></wp:meta_value>
		</wp:postmeta>
							<wp:postmeta>
		<wp:meta_key><![CDATA[page_subtitle]]></wp:meta_key>
		<wp:meta_value><![CDATA[]]></wp:meta_value>
		</wp:postmeta>
							<wp:postmeta>
		<wp:meta_key><![CDATA[_page_subtitle]]></wp:meta_key>
		<wp:meta_value><![CDATA[field_5e3d2cd26bae6]]></wp:meta_value>
		</wp:postmeta>
							<wp:postmeta>
		<wp:meta_key><![CDATA[seo_title]]></wp:meta_key>
		<wp:meta_value><![CDATA[]]></wp:meta_value>
		</wp:postmeta>
							<wp:postmeta>
		<wp:meta_key><![CDATA[_seo_title]]></wp:meta_key>
		<wp:meta_value><![CDATA[field_5e3d2cf147c16]]></wp:meta_value>
		</wp:postmeta>
							<wp:postmeta>
		<wp:meta_key><![CDATA[seo_meta_description]]></wp:meta_key>
		<wp:meta_value><![CDATA[]]></wp:meta_value>
		</wp:postmeta>
							<wp:postmeta>
		<wp:meta_key><![CDATA[_seo_meta_description]]></wp:meta_key>
		<wp:meta_value><![CDATA[field_5e3d2d0047c17]]></wp:meta_value>
		</wp:postmeta>
							<wp:postmeta>
		<wp:meta_key><![CDATA[name]]></wp:meta_key>
		<wp:meta_value><![CDATA[Phuket]]></wp:meta_value>
		</wp:postmeta>
							<wp:postmeta>
		<wp:meta_key><![CDATA[_name]]></wp:meta_key>
		<wp:meta_value><![CDATA[field_5d9496c0c7059]]></wp:meta_value>
		</wp:postmeta>
							<wp:postmeta>
		<wp:meta_key><![CDATA[use_collection_rules]]></wp:meta_key>
		<wp:meta_value><![CDATA[1]]></wp:meta_value>
		</wp:postmeta>
							<wp:postmeta>
		<wp:meta_key><![CDATA[_use_collection_rules]]></wp:meta_key>
		<wp:meta_value><![CDATA[field_5da0721747fd2]]></wp:meta_value>
		</wp:postmeta>
							<wp:postmeta>
		<wp:meta_key><![CDATA[in_tree]]></wp:meta_key>
		<wp:meta_value><![CDATA[1]]></wp:meta_value>
		</wp:postmeta>
							<wp:postmeta>
		<wp:meta_key><![CDATA[_in_tree]]></wp:meta_key>
		<wp:meta_value><![CDATA[field_5e00e5b68c1e9]]></wp:meta_value>
		</wp:postmeta>
							<wp:postmeta>
		<wp:meta_key><![CDATA[in_nested_selector]]></wp:meta_key>
		<wp:meta_value><![CDATA[1]]></wp:meta_value>
		</wp:postmeta>
							<wp:postmeta>
		<wp:meta_key><![CDATA[_in_nested_selector]]></wp:meta_key>
		<wp:meta_value><![CDATA[field_5f1573f157394]]></wp:meta_value>
		</wp:postmeta>
							<wp:postmeta>
		<wp:meta_key><![CDATA[collection_type]]></wp:meta_key>
		<wp:meta_value><![CDATA[destination]]></wp:meta_value>
		</wp:postmeta>
							<wp:postmeta>
		<wp:meta_key><![CDATA[_collection_type]]></wp:meta_key>
		<wp:meta_value><![CDATA[field_5e7c98d6768e6]]></wp:meta_value>
		</wp:postmeta>
							<wp:postmeta>
		<wp:meta_key><![CDATA[destination_type]]></wp:meta_key>
		<wp:meta_value><![CDATA[innerRegion]]></wp:meta_value>
		</wp:postmeta>
							<wp:postmeta>
		<wp:meta_key><![CDATA[_destination_type]]></wp:meta_key>
		<wp:meta_value><![CDATA[field_5df8b1a1b8b3c]]></wp:meta_value>
		</wp:postmeta>
							<wp:postmeta>
		<wp:meta_key><![CDATA[destination_name]]></wp:meta_key>
		<wp:meta_value><![CDATA[Phuket]]></wp:meta_value>
		</wp:postmeta>
							<wp:postmeta>
		<wp:meta_key><![CDATA[_destination_name]]></wp:meta_key>
		<wp:meta_value><![CDATA[field_5df8decdb8b3d]]></wp:meta_value>
		</wp:postmeta>
							<wp:postmeta>
		<wp:meta_key><![CDATA[destination_bounding_box]]></wp:meta_key>
		<wp:meta_value><![CDATA[a:11:{s:7:"address";s:16:"Phuket, Thailand";s:3:"lat";d:7.9519331;s:3:"lng";d:98.33808839999999;s:11:"coordinates";a:2:{i:0;a:2:{i:0;d:98.25800931892823;i:1;d:7.4607606555239;}i:1;a:2:{i:0;d:98.46184828086393;i:1;d:8.199914299197047;}}s:5:"shape";s:9:"rectangle";s:4:"zoom";i:11;s:8:"place_id";s:27:"ChIJT1JixOIxUDARIbo9BoWayuk";s:5:"state";s:6:"Phuket";s:11:"state_short";s:22:"จ.ภูเก็ต";s:7:"country";s:8:"Thailand";s:13:"country_short";s:2:"TH";}]]></wp:meta_value>
		</wp:postmeta>
							<wp:postmeta>
		<wp:meta_key><![CDATA[_destination_bounding_box]]></wp:meta_key>
		<wp:meta_value><![CDATA[field_5f310d8e3483d]]></wp:meta_value>
		</wp:postmeta>
							<wp:postmeta>
		<wp:meta_key><![CDATA[destination]]></wp:meta_key>
		<wp:meta_value><![CDATA[]]></wp:meta_value>
		</wp:postmeta>
							<wp:postmeta>
		<wp:meta_key><![CDATA[_destination]]></wp:meta_key>
		<wp:meta_value><![CDATA[field_5d949736c705c]]></wp:meta_value>
		</wp:postmeta>
							<wp:postmeta>
		<wp:meta_key><![CDATA[filters]]></wp:meta_key>
		<wp:meta_value><![CDATA[]]></wp:meta_value>
		</wp:postmeta>
							<wp:postmeta>
		<wp:meta_key><![CDATA[_filters]]></wp:meta_key>
		<wp:meta_value><![CDATA[field_5e7c99b9768e8]]></wp:meta_value>
		</wp:postmeta>
							<wp:postmeta>
		<wp:meta_key><![CDATA[element_parents]]></wp:meta_key>
		<wp:meta_value><![CDATA[a:1:{i:0;s:3:"209";}]]></wp:meta_value>
		</wp:postmeta>
							<wp:postmeta>
		<wp:meta_key><![CDATA[_element_parents]]></wp:meta_key>
		<wp:meta_value><![CDATA[field_5e562f92d2a2b]]></wp:meta_value>
		</wp:postmeta>
							<wp:postmeta>
		<wp:meta_key><![CDATA[element_children]]></wp:meta_key>
		<wp:meta_value><![CDATA[]]></wp:meta_value>
		</wp:postmeta>
							<wp:postmeta>
		<wp:meta_key><![CDATA[_element_children]]></wp:meta_key>
		<wp:meta_value><![CDATA[field_5e562fbfd2a2c]]></wp:meta_value>
		</wp:postmeta>
							</item>
					<item>
		<title><![CDATA[Bangkok]]></title>
		<link>https://golden.rentivo.com/search/bangkok/</link>
		<pubDate>Fri, 25 Jun 2021 10:22:18 +0000</pubDate>
		<dc:creator><![CDATA[rentivo]]></dc:creator>
		<guid isPermaLink="false">https://golden.rentivo.com/?post_type=collections&#038;p=176</guid>
		<description></description>
		<content:encoded><![CDATA[]]></content:encoded>
		<excerpt:encoded><![CDATA[]]></excerpt:encoded>
		<wp:post_id>176</wp:post_id>
		<wp:post_date><![CDATA[2021-06-25 10:22:18]]></wp:post_date>
		<wp:post_date_gmt><![CDATA[2021-06-25 10:22:18]]></wp:post_date_gmt>
		<wp:post_modified><![CDATA[2021-06-25 10:35:22]]></wp:post_modified>
		<wp:post_modified_gmt><![CDATA[2021-06-25 10:35:22]]></wp:post_modified_gmt>
		<wp:comment_status><![CDATA[closed]]></wp:comment_status>
		<wp:ping_status><![CDATA[closed]]></wp:ping_status>
		<wp:post_name><![CDATA[bangkok]]></wp:post_name>
		<wp:status><![CDATA[publish]]></wp:status>
		<wp:post_parent>0</wp:post_parent>
		<wp:menu_order>0</wp:menu_order>
		<wp:post_type><![CDATA[collections]]></wp:post_type>
		<wp:post_password><![CDATA[]]></wp:post_password>
		<wp:is_sticky>0</wp:is_sticky>
										<category domain="language" nicename="en"><![CDATA[English]]></category>
						<wp:postmeta>
		<wp:meta_key><![CDATA[inline_featured_image]]></wp:meta_key>
		<wp:meta_value><![CDATA[0]]></wp:meta_value>
		</wp:postmeta>
							<wp:postmeta>
		<wp:meta_key><![CDATA[_edit_last]]></wp:meta_key>
		<wp:meta_value><![CDATA[1]]></wp:meta_value>
		</wp:postmeta>
							<wp:postmeta>
		<wp:meta_key><![CDATA[page_title]]></wp:meta_key>
		<wp:meta_value><![CDATA[]]></wp:meta_value>
		</wp:postmeta>
							<wp:postmeta>
		<wp:meta_key><![CDATA[_page_title]]></wp:meta_key>
		<wp:meta_value><![CDATA[field_5e3d2cc66bae5]]></wp:meta_value>
		</wp:postmeta>
							<wp:postmeta>
		<wp:meta_key><![CDATA[page_subtitle]]></wp:meta_key>
		<wp:meta_value><![CDATA[]]></wp:meta_value>
		</wp:postmeta>
							<wp:postmeta>
		<wp:meta_key><![CDATA[_page_subtitle]]></wp:meta_key>
		<wp:meta_value><![CDATA[field_5e3d2cd26bae6]]></wp:meta_value>
		</wp:postmeta>
							<wp:postmeta>
		<wp:meta_key><![CDATA[seo_title]]></wp:meta_key>
		<wp:meta_value><![CDATA[]]></wp:meta_value>
		</wp:postmeta>
							<wp:postmeta>
		<wp:meta_key><![CDATA[_seo_title]]></wp:meta_key>
		<wp:meta_value><![CDATA[field_5e3d2cf147c16]]></wp:meta_value>
		</wp:postmeta>
							<wp:postmeta>
		<wp:meta_key><![CDATA[seo_meta_description]]></wp:meta_key>
		<wp:meta_value><![CDATA[]]></wp:meta_value>
		</wp:postmeta>
							<wp:postmeta>
		<wp:meta_key><![CDATA[_seo_meta_description]]></wp:meta_key>
		<wp:meta_value><![CDATA[field_5e3d2d0047c17]]></wp:meta_value>
		</wp:postmeta>
							<wp:postmeta>
		<wp:meta_key><![CDATA[name]]></wp:meta_key>
		<wp:meta_value><![CDATA[Bangkok]]></wp:meta_value>
		</wp:postmeta>
							<wp:postmeta>
		<wp:meta_key><![CDATA[_name]]></wp:meta_key>
		<wp:meta_value><![CDATA[field_5d9496c0c7059]]></wp:meta_value>
		</wp:postmeta>
							<wp:postmeta>
		<wp:meta_key><![CDATA[use_collection_rules]]></wp:meta_key>
		<wp:meta_value><![CDATA[1]]></wp:meta_value>
		</wp:postmeta>
							<wp:postmeta>
		<wp:meta_key><![CDATA[_use_collection_rules]]></wp:meta_key>
		<wp:meta_value><![CDATA[field_5da0721747fd2]]></wp:meta_value>
		</wp:postmeta>
							<wp:postmeta>
		<wp:meta_key><![CDATA[in_tree]]></wp:meta_key>
		<wp:meta_value><![CDATA[1]]></wp:meta_value>
		</wp:postmeta>
							<wp:postmeta>
		<wp:meta_key><![CDATA[_in_tree]]></wp:meta_key>
		<wp:meta_value><![CDATA[field_5e00e5b68c1e9]]></wp:meta_value>
		</wp:postmeta>
							<wp:postmeta>
		<wp:meta_key><![CDATA[in_nested_selector]]></wp:meta_key>
		<wp:meta_value><![CDATA[1]]></wp:meta_value>
		</wp:postmeta>
							<wp:postmeta>
		<wp:meta_key><![CDATA[_in_nested_selector]]></wp:meta_key>
		<wp:meta_value><![CDATA[field_5f1573f157394]]></wp:meta_value>
		</wp:postmeta>
							<wp:postmeta>
		<wp:meta_key><![CDATA[collection_type]]></wp:meta_key>
		<wp:meta_value><![CDATA[destination]]></wp:meta_value>
		</wp:postmeta>
							<wp:postmeta>
		<wp:meta_key><![CDATA[_collection_type]]></wp:meta_key>
		<wp:meta_value><![CDATA[field_5e7c98d6768e6]]></wp:meta_value>
		</wp:postmeta>
							<wp:postmeta>
		<wp:meta_key><![CDATA[destination_type]]></wp:meta_key>
		<wp:meta_value><![CDATA[innerRegion]]></wp:meta_value>
		</wp:postmeta>
							<wp:postmeta>
		<wp:meta_key><![CDATA[_destination_type]]></wp:meta_key>
		<wp:meta_value><![CDATA[field_5df8b1a1b8b3c]]></wp:meta_value>
		</wp:postmeta>
							<wp:postmeta>
		<wp:meta_key><![CDATA[destination_name]]></wp:meta_key>
		<wp:meta_value><![CDATA[Bangkok]]></wp:meta_value>
		</wp:postmeta>
							<wp:postmeta>
		<wp:meta_key><![CDATA[_destination_name]]></wp:meta_key>
		<wp:meta_value><![CDATA[field_5df8decdb8b3d]]></wp:meta_value>
		</wp:postmeta>
							<wp:postmeta>
		<wp:meta_key><![CDATA[destination_bounding_box]]></wp:meta_key>
		<wp:meta_value><![CDATA[a:12:{s:7:"address";s:17:"Bangkok, Thailand";s:3:"lat";d:13.7563309;s:3:"lng";d:100.5017651;s:11:"coordinates";a:2:{i:0;a:2:{i:0;d:100.3278135588086;i:1;d:13.4940880622837;}i:1;a:2:{i:0;d:100.9384080394661;i:1;d:13.9551109646008;}}s:5:"shape";s:9:"rectangle";s:4:"zoom";i:11;s:8:"place_id";s:27:"ChIJ82ENKDJgHTERIEjiXbIAAQE";s:4:"city";s:7:"Bangkok";s:10:"city_short";s:9:"กทม";s:5:"state";s:7:"Bangkok";s:7:"country";s:8:"Thailand";s:13:"country_short";s:2:"TH";}]]></wp:meta_value>
		</wp:postmeta>
							<wp:postmeta>
		<wp:meta_key><![CDATA[_destination_bounding_box]]></wp:meta_key>
		<wp:meta_value><![CDATA[field_5f310d8e3483d]]></wp:meta_value>
		</wp:postmeta>
							<wp:postmeta>
		<wp:meta_key><![CDATA[destination]]></wp:meta_key>
		<wp:meta_value><![CDATA[]]></wp:meta_value>
		</wp:postmeta>
							<wp:postmeta>
		<wp:meta_key><![CDATA[_destination]]></wp:meta_key>
		<wp:meta_value><![CDATA[field_5d949736c705c]]></wp:meta_value>
		</wp:postmeta>
							<wp:postmeta>
		<wp:meta_key><![CDATA[filters]]></wp:meta_key>
		<wp:meta_value><![CDATA[]]></wp:meta_value>
		</wp:postmeta>
							<wp:postmeta>
		<wp:meta_key><![CDATA[_filters]]></wp:meta_key>
		<wp:meta_value><![CDATA[field_5e7c99b9768e8]]></wp:meta_value>
		</wp:postmeta>
							<wp:postmeta>
		<wp:meta_key><![CDATA[element_parents]]></wp:meta_key>
		<wp:meta_value><![CDATA[a:1:{i:0;s:3:"209";}]]></wp:meta_value>
		</wp:postmeta>
							<wp:postmeta>
		<wp:meta_key><![CDATA[_element_parents]]></wp:meta_key>
		<wp:meta_value><![CDATA[field_5e562f92d2a2b]]></wp:meta_value>
		</wp:postmeta>
							<wp:postmeta>
		<wp:meta_key><![CDATA[element_children]]></wp:meta_key>
		<wp:meta_value><![CDATA[]]></wp:meta_value>
		</wp:postmeta>
							<wp:postmeta>
		<wp:meta_key><![CDATA[_element_children]]></wp:meta_key>
		<wp:meta_value><![CDATA[field_5e562fbfd2a2c]]></wp:meta_value>
		</wp:postmeta>
							</item>
					<item>
		<title><![CDATA[Thailand]]></title>
		<link>https://golden.rentivo.com/search/thailand/</link>
		<pubDate>Fri, 25 Jun 2021 10:35:08 +0000</pubDate>
		<dc:creator><![CDATA[rentivo]]></dc:creator>
		<guid isPermaLink="false">https://golden.rentivo.com/?post_type=collections&#038;p=209</guid>
		<description></description>
		<content:encoded><![CDATA[]]></content:encoded>
		<excerpt:encoded><![CDATA[]]></excerpt:encoded>
		<wp:post_id>209</wp:post_id>
		<wp:post_date><![CDATA[2021-06-25 10:35:08]]></wp:post_date>
		<wp:post_date_gmt><![CDATA[2021-06-25 10:35:08]]></wp:post_date_gmt>
		<wp:post_modified><![CDATA[2021-06-25 10:35:09]]></wp:post_modified>
		<wp:post_modified_gmt><![CDATA[2021-06-25 10:35:09]]></wp:post_modified_gmt>
		<wp:comment_status><![CDATA[closed]]></wp:comment_status>
		<wp:ping_status><![CDATA[closed]]></wp:ping_status>
		<wp:post_name><![CDATA[thailand]]></wp:post_name>
		<wp:status><![CDATA[publish]]></wp:status>
		<wp:post_parent>0</wp:post_parent>
		<wp:menu_order>0</wp:menu_order>
		<wp:post_type><![CDATA[collections]]></wp:post_type>
		<wp:post_password><![CDATA[]]></wp:post_password>
		<wp:is_sticky>0</wp:is_sticky>
										<category domain="language" nicename="en"><![CDATA[English]]></category>
						<wp:postmeta>
		<wp:meta_key><![CDATA[inline_featured_image]]></wp:meta_key>
		<wp:meta_value><![CDATA[0]]></wp:meta_value>
		</wp:postmeta>
							<wp:postmeta>
		<wp:meta_key><![CDATA[_edit_last]]></wp:meta_key>
		<wp:meta_value><![CDATA[1]]></wp:meta_value>
		</wp:postmeta>
							<wp:postmeta>
		<wp:meta_key><![CDATA[page_title]]></wp:meta_key>
		<wp:meta_value><![CDATA[]]></wp:meta_value>
		</wp:postmeta>
							<wp:postmeta>
		<wp:meta_key><![CDATA[_page_title]]></wp:meta_key>
		<wp:meta_value><![CDATA[field_5e3d2cc66bae5]]></wp:meta_value>
		</wp:postmeta>
							<wp:postmeta>
		<wp:meta_key><![CDATA[page_subtitle]]></wp:meta_key>
		<wp:meta_value><![CDATA[]]></wp:meta_value>
		</wp:postmeta>
							<wp:postmeta>
		<wp:meta_key><![CDATA[_page_subtitle]]></wp:meta_key>
		<wp:meta_value><![CDATA[field_5e3d2cd26bae6]]></wp:meta_value>
		</wp:postmeta>
							<wp:postmeta>
		<wp:meta_key><![CDATA[seo_title]]></wp:meta_key>
		<wp:meta_value><![CDATA[]]></wp:meta_value>
		</wp:postmeta>
							<wp:postmeta>
		<wp:meta_key><![CDATA[_seo_title]]></wp:meta_key>
		<wp:meta_value><![CDATA[field_5e3d2cf147c16]]></wp:meta_value>
		</wp:postmeta>
							<wp:postmeta>
		<wp:meta_key><![CDATA[seo_meta_description]]></wp:meta_key>
		<wp:meta_value><![CDATA[]]></wp:meta_value>
		</wp:postmeta>
							<wp:postmeta>
		<wp:meta_key><![CDATA[_seo_meta_description]]></wp:meta_key>
		<wp:meta_value><![CDATA[field_5e3d2d0047c17]]></wp:meta_value>
		</wp:postmeta>
							<wp:postmeta>
		<wp:meta_key><![CDATA[name]]></wp:meta_key>
		<wp:meta_value><![CDATA[Thailand]]></wp:meta_value>
		</wp:postmeta>
							<wp:postmeta>
		<wp:meta_key><![CDATA[_name]]></wp:meta_key>
		<wp:meta_value><![CDATA[field_5d9496c0c7059]]></wp:meta_value>
		</wp:postmeta>
							<wp:postmeta>
		<wp:meta_key><![CDATA[use_collection_rules]]></wp:meta_key>
		<wp:meta_value><![CDATA[1]]></wp:meta_value>
		</wp:postmeta>
							<wp:postmeta>
		<wp:meta_key><![CDATA[_use_collection_rules]]></wp:meta_key>
		<wp:meta_value><![CDATA[field_5da0721747fd2]]></wp:meta_value>
		</wp:postmeta>
							<wp:postmeta>
		<wp:meta_key><![CDATA[in_tree]]></wp:meta_key>
		<wp:meta_value><![CDATA[1]]></wp:meta_value>
		</wp:postmeta>
							<wp:postmeta>
		<wp:meta_key><![CDATA[_in_tree]]></wp:meta_key>
		<wp:meta_value><![CDATA[field_5e00e5b68c1e9]]></wp:meta_value>
		</wp:postmeta>
							<wp:postmeta>
		<wp:meta_key><![CDATA[in_nested_selector]]></wp:meta_key>
		<wp:meta_value><![CDATA[1]]></wp:meta_value>
		</wp:postmeta>
							<wp:postmeta>
		<wp:meta_key><![CDATA[_in_nested_selector]]></wp:meta_key>
		<wp:meta_value><![CDATA[field_5f1573f157394]]></wp:meta_value>
		</wp:postmeta>
							<wp:postmeta>
		<wp:meta_key><![CDATA[collection_type]]></wp:meta_key>
		<wp:meta_value><![CDATA[destination]]></wp:meta_value>
		</wp:postmeta>
							<wp:postmeta>
		<wp:meta_key><![CDATA[_collection_type]]></wp:meta_key>
		<wp:meta_value><![CDATA[field_5e7c98d6768e6]]></wp:meta_value>
		</wp:postmeta>
							<wp:postmeta>
		<wp:meta_key><![CDATA[destination_type]]></wp:meta_key>
		<wp:meta_value><![CDATA[country]]></wp:meta_value>
		</wp:postmeta>
							<wp:postmeta>
		<wp:meta_key><![CDATA[_destination_type]]></wp:meta_key>
		<wp:meta_value><![CDATA[field_5df8b1a1b8b3c]]></wp:meta_value>
		</wp:postmeta>
							<wp:postmeta>
		<wp:meta_key><![CDATA[destination_name]]></wp:meta_key>
		<wp:meta_value><![CDATA[Thailand]]></wp:meta_value>
		</wp:postmeta>
							<wp:postmeta>
		<wp:meta_key><![CDATA[_destination_name]]></wp:meta_key>
		<wp:meta_value><![CDATA[field_5df8decdb8b3d]]></wp:meta_value>
		</wp:postmeta>
							<wp:postmeta>
		<wp:meta_key><![CDATA[destination_bounding_box]]></wp:meta_key>
		<wp:meta_value><![CDATA[a:9:{s:7:"address";s:8:"Thailand";s:3:"lat";d:15.870032;s:3:"lng";d:100.992541;s:11:"coordinates";a:2:{i:0;a:2:{i:0;d:97.34339596444781;i:1;d:5.613038011736927;}i:1;a:2:{i:0;d:105.6368119956324;i:1;d:20.46514296787411;}}s:5:"shape";s:9:"rectangle";s:4:"zoom";i:11;s:8:"place_id";s:27:"ChIJsU1CR_eNTTARAuhXB4gs154";s:7:"country";s:8:"Thailand";s:13:"country_short";s:2:"TH";}]]></wp:meta_value>
		</wp:postmeta>
							<wp:postmeta>
		<wp:meta_key><![CDATA[_destination_bounding_box]]></wp:meta_key>
		<wp:meta_value><![CDATA[field_5f310d8e3483d]]></wp:meta_value>
		</wp:postmeta>
							<wp:postmeta>
		<wp:meta_key><![CDATA[destination]]></wp:meta_key>
		<wp:meta_value><![CDATA[]]></wp:meta_value>
		</wp:postmeta>
							<wp:postmeta>
		<wp:meta_key><![CDATA[_destination]]></wp:meta_key>
		<wp:meta_value><![CDATA[field_5d949736c705c]]></wp:meta_value>
		</wp:postmeta>
							<wp:postmeta>
		<wp:meta_key><![CDATA[filters]]></wp:meta_key>
		<wp:meta_value><![CDATA[]]></wp:meta_value>
		</wp:postmeta>
							<wp:postmeta>
		<wp:meta_key><![CDATA[_filters]]></wp:meta_key>
		<wp:meta_value><![CDATA[field_5e7c99b9768e8]]></wp:meta_value>
		</wp:postmeta>
							<wp:postmeta>
		<wp:meta_key><![CDATA[element_parents]]></wp:meta_key>
		<wp:meta_value><![CDATA[]]></wp:meta_value>
		</wp:postmeta>
							<wp:postmeta>
		<wp:meta_key><![CDATA[_element_parents]]></wp:meta_key>
		<wp:meta_value><![CDATA[field_5e562f92d2a2b]]></wp:meta_value>
		</wp:postmeta>
							<wp:postmeta>
		<wp:meta_key><![CDATA[element_children]]></wp:meta_key>
		<wp:meta_value><![CDATA[a:3:{i:0;s:3:"176";i:1;s:3:"168";i:2;s:3:"172";}]]></wp:meta_value>
		</wp:postmeta>
							<wp:postmeta>
		<wp:meta_key><![CDATA[_element_children]]></wp:meta_key>
		<wp:meta_value><![CDATA[field_5e562fbfd2a2c]]></wp:meta_value>
		</wp:postmeta>
							</item>
				</channel>
</rss>
	