<?xml version="1.0" encoding="UTF-8" ?>
<!-- This is a WordPress eXtended RSS file generated by WordPress as an export of your site. -->
<!-- It contains information about your site's posts, pages, comments, categories, and other content. -->
<!-- You may use this file to transfer that content from one site to another. -->
<!-- This file is not intended to serve as a complete backup of your site. -->

<!-- To import this information into a WordPress site follow these steps: -->
<!-- 1. Log in to that site as an administrator. -->
<!-- 2. Go to Tools: Import in the WordPress admin panel. -->
<!-- 3. Install the "WordPress" importer from the list. -->
<!-- 4. Activate & Run Importer. -->
<!-- 5. Upload this file using the form provided on that page. -->
<!-- 6. You will first be asked to map the authors in this export file to users -->
<!--    on the site. For each author, you may choose to map to an -->
<!--    existing user on the site or to create a new user. -->
<!-- 7. WordPress will then import each of the posts, pages, comments, categories, etc. -->
<!--    contained in this file into your site. -->

	<!-- generator="WordPress/5.7.2" created="2021-07-14 10:30" -->
<rss version="2.0"
	xmlns:excerpt="http://wordpress.org/export/1.2/excerpt/"
	xmlns:content="http://purl.org/rss/1.0/modules/content/"
	xmlns:wfw="http://wellformedweb.org/CommentAPI/"
	xmlns:dc="http://purl.org/dc/elements/1.1/"
	xmlns:wp="http://wordpress.org/export/1.2/"
>

<channel>
	<title>Golden Holiday Villas</title>
	<link>https://golden.rentivo.com</link>
	<description>Luxury beach villas for couples, families &#38; corporate retreats</description>
	<pubDate>Wed, 14 Jul 2021 10:30:08 +0000</pubDate>
	<language>en-US</language>
	<wp:wxr_version>1.2</wp:wxr_version>
	<wp:base_site_url>https://golden.rentivo.com</wp:base_site_url>
	<wp:base_blog_url>https://golden.rentivo.com</wp:base_blog_url>

		<wp:author><wp:author_id>1</wp:author_id><wp:author_login><![CDATA[rentivo]]></wp:author_login><wp:author_email><![CDATA[danny@rentivo.com]]></wp:author_email><wp:author_display_name><![CDATA[rentivo]]></wp:author_display_name><wp:author_first_name><![CDATA[]]></wp:author_first_name><wp:author_last_name><![CDATA[]]></wp:author_last_name></wp:author>

				
	<generator>https://wordpress.org/?v=5.7.2</generator>

		<item>
		<title><![CDATA[pexels-asad-photo-maldives-3601425]]></title>
		<link>https://golden.rentivo.com/hello-world/pexels-asad-photo-maldives-3601425/</link>
		<pubDate>Fri, 25 Jun 2021 09:56:47 +0000</pubDate>
		<dc:creator><![CDATA[rentivo]]></dc:creator>
		<guid isPermaLink="false">http://golden.rentivo.com/wp-content/uploads/2021/06/pexels-asad-photo-maldives-3601425.jpeg</guid>
		<description></description>
		<content:encoded><![CDATA[]]></content:encoded>
		<excerpt:encoded><![CDATA[]]></excerpt:encoded>
		<wp:post_id>134</wp:post_id>
		<wp:post_date><![CDATA[2021-06-25 09:56:47]]></wp:post_date>
		<wp:post_date_gmt><![CDATA[2021-06-25 09:56:47]]></wp:post_date_gmt>
		<wp:post_modified><![CDATA[2021-06-25 09:56:55]]></wp:post_modified>
		<wp:post_modified_gmt><![CDATA[2021-06-25 09:56:55]]></wp:post_modified_gmt>
		<wp:comment_status><![CDATA[open]]></wp:comment_status>
		<wp:ping_status><![CDATA[closed]]></wp:ping_status>
		<wp:post_name><![CDATA[pexels-asad-photo-maldives-3601425]]></wp:post_name>
		<wp:status><![CDATA[inherit]]></wp:status>
		<wp:post_parent>1</wp:post_parent>
		<wp:menu_order>0</wp:menu_order>
		<wp:post_type><![CDATA[attachment]]></wp:post_type>
		<wp:post_password><![CDATA[]]></wp:post_password>
		<wp:is_sticky>0</wp:is_sticky>
						<wp:attachment_url><![CDATA[https://golden.rentivo.com/wp-content/uploads/2021/06/pexels-asad-photo-maldives-3601425.jpeg]]></wp:attachment_url>
							<category domain="language" nicename="en"><![CDATA[English]]></category>
						<wp:postmeta>
		<wp:meta_key><![CDATA[_wp_attached_file]]></wp:meta_key>
		<wp:meta_value><![CDATA[2021/06/pexels-asad-photo-maldives-3601425.jpeg]]></wp:meta_value>
		</wp:postmeta>
							<wp:postmeta>
		<wp:meta_key><![CDATA[_wp_attachment_metadata]]></wp:meta_key>
		<wp:meta_value><![CDATA[a:5:{s:5:"width";i:1920;s:6:"height";i:1280;s:4:"file";s:47:"2021/06/pexels-asad-photo-maldives-3601425.jpeg";s:5:"sizes";a:5:{s:6:"medium";a:4:{s:4:"file";s:47:"pexels-asad-photo-maldives-3601425-300x200.jpeg";s:5:"width";i:300;s:6:"height";i:200;s:9:"mime-type";s:10:"image/jpeg";}s:5:"large";a:4:{s:4:"file";s:48:"pexels-asad-photo-maldives-3601425-1024x683.jpeg";s:5:"width";i:1024;s:6:"height";i:683;s:9:"mime-type";s:10:"image/jpeg";}s:9:"thumbnail";a:4:{s:4:"file";s:47:"pexels-asad-photo-maldives-3601425-150x150.jpeg";s:5:"width";i:150;s:6:"height";i:150;s:9:"mime-type";s:10:"image/jpeg";}s:12:"medium_large";a:4:{s:4:"file";s:47:"pexels-asad-photo-maldives-3601425-768x512.jpeg";s:5:"width";i:768;s:6:"height";i:512;s:9:"mime-type";s:10:"image/jpeg";}s:9:"1536x1536";a:4:{s:4:"file";s:49:"pexels-asad-photo-maldives-3601425-1536x1024.jpeg";s:5:"width";i:1536;s:6:"height";i:1024;s:9:"mime-type";s:10:"image/jpeg";}}s:10:"image_meta";a:12:{s:8:"aperture";s:1:"0";s:6:"credit";s:0:"";s:6:"camera";s:0:"";s:7:"caption";s:0:"";s:17:"created_timestamp";s:1:"0";s:9:"copyright";s:0:"";s:12:"focal_length";s:1:"0";s:3:"iso";s:1:"0";s:13:"shutter_speed";s:1:"0";s:5:"title";s:0:"";s:11:"orientation";s:1:"0";s:8:"keywords";a:0:{}}}]]></wp:meta_value>
		</wp:postmeta>
							<wp:postmeta>
		<wp:meta_key><![CDATA[_wp_attachment_image_alt]]></wp:meta_key>
		<wp:meta_value><![CDATA[Destination]]></wp:meta_value>
		</wp:postmeta>
							</item>
					<item>
		<title><![CDATA[pexels-pixabay-315998]]></title>
		<link>https://golden.rentivo.com/hello-world/pexels-pixabay-315998/</link>
		<pubDate>Fri, 25 Jun 2021 09:56:48 +0000</pubDate>
		<dc:creator><![CDATA[rentivo]]></dc:creator>
		<guid isPermaLink="false">http://golden.rentivo.com/wp-content/uploads/2021/06/pexels-pixabay-315998.jpeg</guid>
		<description></description>
		<content:encoded><![CDATA[]]></content:encoded>
		<excerpt:encoded><![CDATA[]]></excerpt:encoded>
		<wp:post_id>136</wp:post_id>
		<wp:post_date><![CDATA[2021-06-25 09:56:48]]></wp:post_date>
		<wp:post_date_gmt><![CDATA[2021-06-25 09:56:48]]></wp:post_date_gmt>
		<wp:post_modified><![CDATA[2021-06-25 09:58:23]]></wp:post_modified>
		<wp:post_modified_gmt><![CDATA[2021-06-25 09:58:23]]></wp:post_modified_gmt>
		<wp:comment_status><![CDATA[open]]></wp:comment_status>
		<wp:ping_status><![CDATA[closed]]></wp:ping_status>
		<wp:post_name><![CDATA[pexels-pixabay-315998]]></wp:post_name>
		<wp:status><![CDATA[inherit]]></wp:status>
		<wp:post_parent>1</wp:post_parent>
		<wp:menu_order>0</wp:menu_order>
		<wp:post_type><![CDATA[attachment]]></wp:post_type>
		<wp:post_password><![CDATA[]]></wp:post_password>
		<wp:is_sticky>0</wp:is_sticky>
						<wp:attachment_url><![CDATA[https://golden.rentivo.com/wp-content/uploads/2021/06/pexels-pixabay-315998.jpeg]]></wp:attachment_url>
							<category domain="language" nicename="en"><![CDATA[English]]></category>
						<wp:postmeta>
		<wp:meta_key><![CDATA[_wp_attached_file]]></wp:meta_key>
		<wp:meta_value><![CDATA[2021/06/pexels-pixabay-315998.jpeg]]></wp:meta_value>
		</wp:postmeta>
							<wp:postmeta>
		<wp:meta_key><![CDATA[_wp_attachment_metadata]]></wp:meta_key>
		<wp:meta_value><![CDATA[a:5:{s:5:"width";i:1600;s:6:"height";i:1066;s:4:"file";s:34:"2021/06/pexels-pixabay-315998.jpeg";s:5:"sizes";a:5:{s:6:"medium";a:4:{s:4:"file";s:34:"pexels-pixabay-315998-300x200.jpeg";s:5:"width";i:300;s:6:"height";i:200;s:9:"mime-type";s:10:"image/jpeg";}s:5:"large";a:4:{s:4:"file";s:35:"pexels-pixabay-315998-1024x682.jpeg";s:5:"width";i:1024;s:6:"height";i:682;s:9:"mime-type";s:10:"image/jpeg";}s:9:"thumbnail";a:4:{s:4:"file";s:34:"pexels-pixabay-315998-150x150.jpeg";s:5:"width";i:150;s:6:"height";i:150;s:9:"mime-type";s:10:"image/jpeg";}s:12:"medium_large";a:4:{s:4:"file";s:34:"pexels-pixabay-315998-768x512.jpeg";s:5:"width";i:768;s:6:"height";i:512;s:9:"mime-type";s:10:"image/jpeg";}s:9:"1536x1536";a:4:{s:4:"file";s:36:"pexels-pixabay-315998-1536x1023.jpeg";s:5:"width";i:1536;s:6:"height";i:1023;s:9:"mime-type";s:10:"image/jpeg";}}s:10:"image_meta";a:12:{s:8:"aperture";s:1:"0";s:6:"credit";s:0:"";s:6:"camera";s:0:"";s:7:"caption";s:0:"";s:17:"created_timestamp";s:1:"0";s:9:"copyright";s:0:"";s:12:"focal_length";s:1:"0";s:3:"iso";s:1:"0";s:13:"shutter_speed";s:1:"0";s:5:"title";s:0:"";s:11:"orientation";s:1:"0";s:8:"keywords";a:0:{}}}]]></wp:meta_value>
		</wp:postmeta>
							<wp:postmeta>
		<wp:meta_key><![CDATA[_wp_attachment_image_alt]]></wp:meta_key>
		<wp:meta_value><![CDATA[Island]]></wp:meta_value>
		</wp:postmeta>
							</item>
					<item>
		<title><![CDATA[pexels-sebastian-voortman-189349]]></title>
		<link>https://golden.rentivo.com/hello-world/pexels-sebastian-voortman-189349/</link>
		<pubDate>Fri, 25 Jun 2021 09:56:49 +0000</pubDate>
		<dc:creator><![CDATA[rentivo]]></dc:creator>
		<guid isPermaLink="false">http://golden.rentivo.com/wp-content/uploads/2021/06/pexels-sebastian-voortman-189349.jpeg</guid>
		<description></description>
		<content:encoded><![CDATA[]]></content:encoded>
		<excerpt:encoded><![CDATA[]]></excerpt:encoded>
		<wp:post_id>138</wp:post_id>
		<wp:post_date><![CDATA[2021-06-25 09:56:49]]></wp:post_date>
		<wp:post_date_gmt><![CDATA[2021-06-25 09:56:49]]></wp:post_date_gmt>
		<wp:post_modified><![CDATA[2021-06-25 09:58:18]]></wp:post_modified>
		<wp:post_modified_gmt><![CDATA[2021-06-25 09:58:18]]></wp:post_modified_gmt>
		<wp:comment_status><![CDATA[open]]></wp:comment_status>
		<wp:ping_status><![CDATA[closed]]></wp:ping_status>
		<wp:post_name><![CDATA[pexels-sebastian-voortman-189349]]></wp:post_name>
		<wp:status><![CDATA[inherit]]></wp:status>
		<wp:post_parent>1</wp:post_parent>
		<wp:menu_order>0</wp:menu_order>
		<wp:post_type><![CDATA[attachment]]></wp:post_type>
		<wp:post_password><![CDATA[]]></wp:post_password>
		<wp:is_sticky>0</wp:is_sticky>
						<wp:attachment_url><![CDATA[https://golden.rentivo.com/wp-content/uploads/2021/06/pexels-sebastian-voortman-189349.jpeg]]></wp:attachment_url>
							<category domain="language" nicename="en"><![CDATA[English]]></category>
						<wp:postmeta>
		<wp:meta_key><![CDATA[_wp_attached_file]]></wp:meta_key>
		<wp:meta_value><![CDATA[2021/06/pexels-sebastian-voortman-189349.jpeg]]></wp:meta_value>
		</wp:postmeta>
							<wp:postmeta>
		<wp:meta_key><![CDATA[_wp_attachment_metadata]]></wp:meta_key>
		<wp:meta_value><![CDATA[a:5:{s:5:"width";i:1920;s:6:"height";i:1280;s:4:"file";s:45:"2021/06/pexels-sebastian-voortman-189349.jpeg";s:5:"sizes";a:5:{s:6:"medium";a:4:{s:4:"file";s:45:"pexels-sebastian-voortman-189349-300x200.jpeg";s:5:"width";i:300;s:6:"height";i:200;s:9:"mime-type";s:10:"image/jpeg";}s:5:"large";a:4:{s:4:"file";s:46:"pexels-sebastian-voortman-189349-1024x683.jpeg";s:5:"width";i:1024;s:6:"height";i:683;s:9:"mime-type";s:10:"image/jpeg";}s:9:"thumbnail";a:4:{s:4:"file";s:45:"pexels-sebastian-voortman-189349-150x150.jpeg";s:5:"width";i:150;s:6:"height";i:150;s:9:"mime-type";s:10:"image/jpeg";}s:12:"medium_large";a:4:{s:4:"file";s:45:"pexels-sebastian-voortman-189349-768x512.jpeg";s:5:"width";i:768;s:6:"height";i:512;s:9:"mime-type";s:10:"image/jpeg";}s:9:"1536x1536";a:4:{s:4:"file";s:47:"pexels-sebastian-voortman-189349-1536x1024.jpeg";s:5:"width";i:1536;s:6:"height";i:1024;s:9:"mime-type";s:10:"image/jpeg";}}s:10:"image_meta";a:12:{s:8:"aperture";s:1:"0";s:6:"credit";s:0:"";s:6:"camera";s:0:"";s:7:"caption";s:0:"";s:17:"created_timestamp";s:1:"0";s:9:"copyright";s:0:"";s:12:"focal_length";s:1:"0";s:3:"iso";s:1:"0";s:13:"shutter_speed";s:1:"0";s:5:"title";s:0:"";s:11:"orientation";s:1:"0";s:8:"keywords";a:0:{}}}]]></wp:meta_value>
		</wp:postmeta>
							<wp:postmeta>
		<wp:meta_key><![CDATA[_wp_attachment_image_alt]]></wp:meta_key>
		<wp:meta_value><![CDATA[Sea]]></wp:meta_value>
		</wp:postmeta>
							</item>
					<item>
		<title><![CDATA[bangkok-1024x683-1]]></title>
		<link>https://golden.rentivo.com/home/bangkok-1024x683-1/</link>
		<pubDate>Fri, 25 Jun 2021 10:28:18 +0000</pubDate>
		<dc:creator><![CDATA[rentivo]]></dc:creator>
		<guid isPermaLink="false">http://golden.rentivo.com/wp-content/uploads/2021/06/bangkok-1024x683-1.jpeg</guid>
		<description></description>
		<content:encoded><![CDATA[]]></content:encoded>
		<excerpt:encoded><![CDATA[]]></excerpt:encoded>
		<wp:post_id>191</wp:post_id>
		<wp:post_date><![CDATA[2021-06-25 10:28:18]]></wp:post_date>
		<wp:post_date_gmt><![CDATA[2021-06-25 10:28:18]]></wp:post_date_gmt>
		<wp:post_modified><![CDATA[2021-06-25 10:28:23]]></wp:post_modified>
		<wp:post_modified_gmt><![CDATA[2021-06-25 10:28:23]]></wp:post_modified_gmt>
		<wp:comment_status><![CDATA[open]]></wp:comment_status>
		<wp:ping_status><![CDATA[closed]]></wp:ping_status>
		<wp:post_name><![CDATA[bangkok-1024x683-1]]></wp:post_name>
		<wp:status><![CDATA[inherit]]></wp:status>
		<wp:post_parent>189</wp:post_parent>
		<wp:menu_order>0</wp:menu_order>
		<wp:post_type><![CDATA[attachment]]></wp:post_type>
		<wp:post_password><![CDATA[]]></wp:post_password>
		<wp:is_sticky>0</wp:is_sticky>
						<wp:attachment_url><![CDATA[https://golden.rentivo.com/wp-content/uploads/2021/06/bangkok-1024x683-1.jpeg]]></wp:attachment_url>
							<category domain="language" nicename="en"><![CDATA[English]]></category>
						<wp:postmeta>
		<wp:meta_key><![CDATA[_wp_attached_file]]></wp:meta_key>
		<wp:meta_value><![CDATA[2021/06/bangkok-1024x683-1.jpeg]]></wp:meta_value>
		</wp:postmeta>
							<wp:postmeta>
		<wp:meta_key><![CDATA[_wp_attachment_metadata]]></wp:meta_key>
		<wp:meta_value><![CDATA[a:5:{s:5:"width";i:1024;s:6:"height";i:683;s:4:"file";s:31:"2021/06/bangkok-1024x683-1.jpeg";s:5:"sizes";a:3:{s:6:"medium";a:4:{s:4:"file";s:31:"bangkok-1024x683-1-300x200.jpeg";s:5:"width";i:300;s:6:"height";i:200;s:9:"mime-type";s:10:"image/jpeg";}s:9:"thumbnail";a:4:{s:4:"file";s:31:"bangkok-1024x683-1-150x150.jpeg";s:5:"width";i:150;s:6:"height";i:150;s:9:"mime-type";s:10:"image/jpeg";}s:12:"medium_large";a:4:{s:4:"file";s:31:"bangkok-1024x683-1-768x512.jpeg";s:5:"width";i:768;s:6:"height";i:512;s:9:"mime-type";s:10:"image/jpeg";}}s:10:"image_meta";a:12:{s:8:"aperture";s:1:"0";s:6:"credit";s:0:"";s:6:"camera";s:0:"";s:7:"caption";s:0:"";s:17:"created_timestamp";s:1:"0";s:9:"copyright";s:0:"";s:12:"focal_length";s:1:"0";s:3:"iso";s:1:"0";s:13:"shutter_speed";s:1:"0";s:5:"title";s:0:"";s:11:"orientation";s:1:"0";s:8:"keywords";a:0:{}}}]]></wp:meta_value>
		</wp:postmeta>
							<wp:postmeta>
		<wp:meta_key><![CDATA[_wp_attachment_image_alt]]></wp:meta_key>
		<wp:meta_value><![CDATA[Bangkok]]></wp:meta_value>
		</wp:postmeta>
							</item>
					<item>
		<title><![CDATA[koh-samui-1024x683-1]]></title>
		<link>https://golden.rentivo.com/home/koh-samui-1024x683-1/</link>
		<pubDate>Fri, 25 Jun 2021 10:28:18 +0000</pubDate>
		<dc:creator><![CDATA[rentivo]]></dc:creator>
		<guid isPermaLink="false">http://golden.rentivo.com/wp-content/uploads/2021/06/koh-samui-1024x683-1.jpeg</guid>
		<description></description>
		<content:encoded><![CDATA[]]></content:encoded>
		<excerpt:encoded><![CDATA[]]></excerpt:encoded>
		<wp:post_id>193</wp:post_id>
		<wp:post_date><![CDATA[2021-06-25 10:28:18]]></wp:post_date>
		<wp:post_date_gmt><![CDATA[2021-06-25 10:28:18]]></wp:post_date_gmt>
		<wp:post_modified><![CDATA[2021-06-25 10:28:26]]></wp:post_modified>
		<wp:post_modified_gmt><![CDATA[2021-06-25 10:28:26]]></wp:post_modified_gmt>
		<wp:comment_status><![CDATA[open]]></wp:comment_status>
		<wp:ping_status><![CDATA[closed]]></wp:ping_status>
		<wp:post_name><![CDATA[koh-samui-1024x683-1]]></wp:post_name>
		<wp:status><![CDATA[inherit]]></wp:status>
		<wp:post_parent>189</wp:post_parent>
		<wp:menu_order>0</wp:menu_order>
		<wp:post_type><![CDATA[attachment]]></wp:post_type>
		<wp:post_password><![CDATA[]]></wp:post_password>
		<wp:is_sticky>0</wp:is_sticky>
						<wp:attachment_url><![CDATA[https://golden.rentivo.com/wp-content/uploads/2021/06/koh-samui-1024x683-1.jpeg]]></wp:attachment_url>
							<category domain="language" nicename="en"><![CDATA[English]]></category>
						<wp:postmeta>
		<wp:meta_key><![CDATA[_wp_attached_file]]></wp:meta_key>
		<wp:meta_value><![CDATA[2021/06/koh-samui-1024x683-1.jpeg]]></wp:meta_value>
		</wp:postmeta>
							<wp:postmeta>
		<wp:meta_key><![CDATA[_wp_attachment_metadata]]></wp:meta_key>
		<wp:meta_value><![CDATA[a:5:{s:5:"width";i:1024;s:6:"height";i:683;s:4:"file";s:33:"2021/06/koh-samui-1024x683-1.jpeg";s:5:"sizes";a:3:{s:6:"medium";a:4:{s:4:"file";s:33:"koh-samui-1024x683-1-300x200.jpeg";s:5:"width";i:300;s:6:"height";i:200;s:9:"mime-type";s:10:"image/jpeg";}s:9:"thumbnail";a:4:{s:4:"file";s:33:"koh-samui-1024x683-1-150x150.jpeg";s:5:"width";i:150;s:6:"height";i:150;s:9:"mime-type";s:10:"image/jpeg";}s:12:"medium_large";a:4:{s:4:"file";s:33:"koh-samui-1024x683-1-768x512.jpeg";s:5:"width";i:768;s:6:"height";i:512;s:9:"mime-type";s:10:"image/jpeg";}}s:10:"image_meta";a:12:{s:8:"aperture";s:1:"0";s:6:"credit";s:0:"";s:6:"camera";s:0:"";s:7:"caption";s:0:"";s:17:"created_timestamp";s:1:"0";s:9:"copyright";s:0:"";s:12:"focal_length";s:1:"0";s:3:"iso";s:1:"0";s:13:"shutter_speed";s:1:"0";s:5:"title";s:0:"";s:11:"orientation";s:1:"0";s:8:"keywords";a:0:{}}}]]></wp:meta_value>
		</wp:postmeta>
							<wp:postmeta>
		<wp:meta_key><![CDATA[_wp_attachment_image_alt]]></wp:meta_key>
		<wp:meta_value><![CDATA[Koh Samui]]></wp:meta_value>
		</wp:postmeta>
							</item>
					<item>
		<title><![CDATA[koh-yao-estate-chef-tall]]></title>
		<link>https://golden.rentivo.com/home/koh-yao-estate-chef-tall/</link>
		<pubDate>Fri, 25 Jun 2021 10:28:19 +0000</pubDate>
		<dc:creator><![CDATA[rentivo]]></dc:creator>
		<guid isPermaLink="false">http://golden.rentivo.com/wp-content/uploads/2021/06/koh-yao-estate-chef-tall.jpeg</guid>
		<description></description>
		<content:encoded><![CDATA[]]></content:encoded>
		<excerpt:encoded><![CDATA[]]></excerpt:encoded>
		<wp:post_id>195</wp:post_id>
		<wp:post_date><![CDATA[2021-06-25 10:28:19]]></wp:post_date>
		<wp:post_date_gmt><![CDATA[2021-06-25 10:28:19]]></wp:post_date_gmt>
		<wp:post_modified><![CDATA[2021-06-25 10:28:31]]></wp:post_modified>
		<wp:post_modified_gmt><![CDATA[2021-06-25 10:28:31]]></wp:post_modified_gmt>
		<wp:comment_status><![CDATA[open]]></wp:comment_status>
		<wp:ping_status><![CDATA[closed]]></wp:ping_status>
		<wp:post_name><![CDATA[koh-yao-estate-chef-tall]]></wp:post_name>
		<wp:status><![CDATA[inherit]]></wp:status>
		<wp:post_parent>189</wp:post_parent>
		<wp:menu_order>0</wp:menu_order>
		<wp:post_type><![CDATA[attachment]]></wp:post_type>
		<wp:post_password><![CDATA[]]></wp:post_password>
		<wp:is_sticky>0</wp:is_sticky>
						<wp:attachment_url><![CDATA[https://golden.rentivo.com/wp-content/uploads/2021/06/koh-yao-estate-chef-tall.jpeg]]></wp:attachment_url>
							<category domain="language" nicename="en"><![CDATA[English]]></category>
						<wp:postmeta>
		<wp:meta_key><![CDATA[_wp_attached_file]]></wp:meta_key>
		<wp:meta_value><![CDATA[2021/06/koh-yao-estate-chef-tall.jpeg]]></wp:meta_value>
		</wp:postmeta>
							<wp:postmeta>
		<wp:meta_key><![CDATA[_wp_attachment_metadata]]></wp:meta_key>
		<wp:meta_value><![CDATA[a:5:{s:5:"width";i:450;s:6:"height";i:600;s:4:"file";s:37:"2021/06/koh-yao-estate-chef-tall.jpeg";s:5:"sizes";a:2:{s:6:"medium";a:4:{s:4:"file";s:37:"koh-yao-estate-chef-tall-225x300.jpeg";s:5:"width";i:225;s:6:"height";i:300;s:9:"mime-type";s:10:"image/jpeg";}s:9:"thumbnail";a:4:{s:4:"file";s:37:"koh-yao-estate-chef-tall-150x150.jpeg";s:5:"width";i:150;s:6:"height";i:150;s:9:"mime-type";s:10:"image/jpeg";}}s:10:"image_meta";a:12:{s:8:"aperture";s:1:"0";s:6:"credit";s:0:"";s:6:"camera";s:0:"";s:7:"caption";s:0:"";s:17:"created_timestamp";s:1:"0";s:9:"copyright";s:0:"";s:12:"focal_length";s:1:"0";s:3:"iso";s:1:"0";s:13:"shutter_speed";s:1:"0";s:5:"title";s:0:"";s:11:"orientation";s:1:"0";s:8:"keywords";a:0:{}}}]]></wp:meta_value>
		</wp:postmeta>
							<wp:postmeta>
		<wp:meta_key><![CDATA[_wp_attachment_image_alt]]></wp:meta_key>
		<wp:meta_value><![CDATA[Chef]]></wp:meta_value>
		</wp:postmeta>
							</item>
					<item>
		<title><![CDATA[phuket-1024x682-1]]></title>
		<link>https://golden.rentivo.com/home/phuket-1024x682-1/</link>
		<pubDate>Fri, 25 Jun 2021 10:28:19 +0000</pubDate>
		<dc:creator><![CDATA[rentivo]]></dc:creator>
		<guid isPermaLink="false">http://golden.rentivo.com/wp-content/uploads/2021/06/phuket-1024x682-1.jpeg</guid>
		<description></description>
		<content:encoded><![CDATA[]]></content:encoded>
		<excerpt:encoded><![CDATA[]]></excerpt:encoded>
		<wp:post_id>197</wp:post_id>
		<wp:post_date><![CDATA[2021-06-25 10:28:19]]></wp:post_date>
		<wp:post_date_gmt><![CDATA[2021-06-25 10:28:19]]></wp:post_date_gmt>
		<wp:post_modified><![CDATA[2021-06-25 10:28:35]]></wp:post_modified>
		<wp:post_modified_gmt><![CDATA[2021-06-25 10:28:35]]></wp:post_modified_gmt>
		<wp:comment_status><![CDATA[open]]></wp:comment_status>
		<wp:ping_status><![CDATA[closed]]></wp:ping_status>
		<wp:post_name><![CDATA[phuket-1024x682-1]]></wp:post_name>
		<wp:status><![CDATA[inherit]]></wp:status>
		<wp:post_parent>189</wp:post_parent>
		<wp:menu_order>0</wp:menu_order>
		<wp:post_type><![CDATA[attachment]]></wp:post_type>
		<wp:post_password><![CDATA[]]></wp:post_password>
		<wp:is_sticky>0</wp:is_sticky>
						<wp:attachment_url><![CDATA[https://golden.rentivo.com/wp-content/uploads/2021/06/phuket-1024x682-1.jpeg]]></wp:attachment_url>
							<category domain="language" nicename="en"><![CDATA[English]]></category>
						<wp:postmeta>
		<wp:meta_key><![CDATA[_wp_attached_file]]></wp:meta_key>
		<wp:meta_value><![CDATA[2021/06/phuket-1024x682-1.jpeg]]></wp:meta_value>
		</wp:postmeta>
							<wp:postmeta>
		<wp:meta_key><![CDATA[_wp_attachment_metadata]]></wp:meta_key>
		<wp:meta_value><![CDATA[a:5:{s:5:"width";i:1024;s:6:"height";i:682;s:4:"file";s:30:"2021/06/phuket-1024x682-1.jpeg";s:5:"sizes";a:3:{s:6:"medium";a:4:{s:4:"file";s:30:"phuket-1024x682-1-300x200.jpeg";s:5:"width";i:300;s:6:"height";i:200;s:9:"mime-type";s:10:"image/jpeg";}s:9:"thumbnail";a:4:{s:4:"file";s:30:"phuket-1024x682-1-150x150.jpeg";s:5:"width";i:150;s:6:"height";i:150;s:9:"mime-type";s:10:"image/jpeg";}s:12:"medium_large";a:4:{s:4:"file";s:30:"phuket-1024x682-1-768x512.jpeg";s:5:"width";i:768;s:6:"height";i:512;s:9:"mime-type";s:10:"image/jpeg";}}s:10:"image_meta";a:12:{s:8:"aperture";s:1:"0";s:6:"credit";s:0:"";s:6:"camera";s:0:"";s:7:"caption";s:0:"";s:17:"created_timestamp";s:1:"0";s:9:"copyright";s:0:"";s:12:"focal_length";s:1:"0";s:3:"iso";s:1:"0";s:13:"shutter_speed";s:1:"0";s:5:"title";s:0:"";s:11:"orientation";s:1:"0";s:8:"keywords";a:0:{}}}]]></wp:meta_value>
		</wp:postmeta>
							<wp:postmeta>
		<wp:meta_key><![CDATA[_wp_attachment_image_alt]]></wp:meta_key>
		<wp:meta_value><![CDATA[Phuket]]></wp:meta_value>
		</wp:postmeta>
							</item>
					<item>
		<title><![CDATA[thailand]]></title>
		<link>https://golden.rentivo.com/home/thailand/</link>
		<pubDate>Fri, 25 Jun 2021 10:28:19 +0000</pubDate>
		<dc:creator><![CDATA[rentivo]]></dc:creator>
		<guid isPermaLink="false">http://golden.rentivo.com/wp-content/uploads/2021/06/thailand.jpeg</guid>
		<description></description>
		<content:encoded><![CDATA[]]></content:encoded>
		<excerpt:encoded><![CDATA[]]></excerpt:encoded>
		<wp:post_id>199</wp:post_id>
		<wp:post_date><![CDATA[2021-06-25 10:28:19]]></wp:post_date>
		<wp:post_date_gmt><![CDATA[2021-06-25 10:28:19]]></wp:post_date_gmt>
		<wp:post_modified><![CDATA[2021-06-25 10:28:42]]></wp:post_modified>
		<wp:post_modified_gmt><![CDATA[2021-06-25 10:28:42]]></wp:post_modified_gmt>
		<wp:comment_status><![CDATA[open]]></wp:comment_status>
		<wp:ping_status><![CDATA[closed]]></wp:ping_status>
		<wp:post_name><![CDATA[thailand]]></wp:post_name>
		<wp:status><![CDATA[inherit]]></wp:status>
		<wp:post_parent>189</wp:post_parent>
		<wp:menu_order>0</wp:menu_order>
		<wp:post_type><![CDATA[attachment]]></wp:post_type>
		<wp:post_password><![CDATA[]]></wp:post_password>
		<wp:is_sticky>0</wp:is_sticky>
						<wp:attachment_url><![CDATA[https://golden.rentivo.com/wp-content/uploads/2021/06/thailand.jpeg]]></wp:attachment_url>
							<category domain="language" nicename="en"><![CDATA[English]]></category>
						<wp:postmeta>
		<wp:meta_key><![CDATA[_wp_attached_file]]></wp:meta_key>
		<wp:meta_value><![CDATA[2021/06/thailand.jpeg]]></wp:meta_value>
		</wp:postmeta>
							<wp:postmeta>
		<wp:meta_key><![CDATA[_wp_attachment_metadata]]></wp:meta_key>
		<wp:meta_value><![CDATA[a:5:{s:5:"width";i:450;s:6:"height";i:600;s:4:"file";s:21:"2021/06/thailand.jpeg";s:5:"sizes";a:2:{s:6:"medium";a:4:{s:4:"file";s:21:"thailand-225x300.jpeg";s:5:"width";i:225;s:6:"height";i:300;s:9:"mime-type";s:10:"image/jpeg";}s:9:"thumbnail";a:4:{s:4:"file";s:21:"thailand-150x150.jpeg";s:5:"width";i:150;s:6:"height";i:150;s:9:"mime-type";s:10:"image/jpeg";}}s:10:"image_meta";a:12:{s:8:"aperture";s:1:"0";s:6:"credit";s:0:"";s:6:"camera";s:0:"";s:7:"caption";s:0:"";s:17:"created_timestamp";s:1:"0";s:9:"copyright";s:0:"";s:12:"focal_length";s:1:"0";s:3:"iso";s:1:"0";s:13:"shutter_speed";s:1:"0";s:5:"title";s:0:"";s:11:"orientation";s:1:"0";s:8:"keywords";a:0:{}}}]]></wp:meta_value>
		</wp:postmeta>
							<wp:postmeta>
		<wp:meta_key><![CDATA[_wp_attachment_image_alt]]></wp:meta_key>
		<wp:meta_value><![CDATA[Boats]]></wp:meta_value>
		</wp:postmeta>
							</item>
					<item>
		<title><![CDATA[villa-desk-tall]]></title>
		<link>https://golden.rentivo.com/home/villa-desk-tall/</link>
		<pubDate>Fri, 25 Jun 2021 10:28:20 +0000</pubDate>
		<dc:creator><![CDATA[rentivo]]></dc:creator>
		<guid isPermaLink="false">http://golden.rentivo.com/wp-content/uploads/2021/06/villa-desk-tall.jpeg</guid>
		<description></description>
		<content:encoded><![CDATA[]]></content:encoded>
		<excerpt:encoded><![CDATA[]]></excerpt:encoded>
		<wp:post_id>201</wp:post_id>
		<wp:post_date><![CDATA[2021-06-25 10:28:20]]></wp:post_date>
		<wp:post_date_gmt><![CDATA[2021-06-25 10:28:20]]></wp:post_date_gmt>
		<wp:post_modified><![CDATA[2021-06-25 10:28:48]]></wp:post_modified>
		<wp:post_modified_gmt><![CDATA[2021-06-25 10:28:48]]></wp:post_modified_gmt>
		<wp:comment_status><![CDATA[open]]></wp:comment_status>
		<wp:ping_status><![CDATA[closed]]></wp:ping_status>
		<wp:post_name><![CDATA[villa-desk-tall]]></wp:post_name>
		<wp:status><![CDATA[inherit]]></wp:status>
		<wp:post_parent>189</wp:post_parent>
		<wp:menu_order>0</wp:menu_order>
		<wp:post_type><![CDATA[attachment]]></wp:post_type>
		<wp:post_password><![CDATA[]]></wp:post_password>
		<wp:is_sticky>0</wp:is_sticky>
						<wp:attachment_url><![CDATA[https://golden.rentivo.com/wp-content/uploads/2021/06/villa-desk-tall.jpeg]]></wp:attachment_url>
							<category domain="language" nicename="en"><![CDATA[English]]></category>
						<wp:postmeta>
		<wp:meta_key><![CDATA[_wp_attached_file]]></wp:meta_key>
		<wp:meta_value><![CDATA[2021/06/villa-desk-tall.jpeg]]></wp:meta_value>
		</wp:postmeta>
							<wp:postmeta>
		<wp:meta_key><![CDATA[_wp_attachment_metadata]]></wp:meta_key>
		<wp:meta_value><![CDATA[a:5:{s:5:"width";i:450;s:6:"height";i:600;s:4:"file";s:28:"2021/06/villa-desk-tall.jpeg";s:5:"sizes";a:2:{s:6:"medium";a:4:{s:4:"file";s:28:"villa-desk-tall-225x300.jpeg";s:5:"width";i:225;s:6:"height";i:300;s:9:"mime-type";s:10:"image/jpeg";}s:9:"thumbnail";a:4:{s:4:"file";s:28:"villa-desk-tall-150x150.jpeg";s:5:"width";i:150;s:6:"height";i:150;s:9:"mime-type";s:10:"image/jpeg";}}s:10:"image_meta";a:12:{s:8:"aperture";s:1:"0";s:6:"credit";s:0:"";s:6:"camera";s:0:"";s:7:"caption";s:0:"";s:17:"created_timestamp";s:1:"0";s:9:"copyright";s:0:"";s:12:"focal_length";s:1:"0";s:3:"iso";s:1:"0";s:13:"shutter_speed";s:1:"0";s:5:"title";s:0:"";s:11:"orientation";s:1:"0";s:8:"keywords";a:0:{}}}]]></wp:meta_value>
		</wp:postmeta>
							<wp:postmeta>
		<wp:meta_key><![CDATA[_wp_attachment_image_alt]]></wp:meta_key>
		<wp:meta_value><![CDATA[Villa]]></wp:meta_value>
		</wp:postmeta>
							</item>
				</channel>
</rss>
	