<?xml version="1.0" encoding="UTF-8" ?>
<!-- This is a WordPress eXtended RSS file generated by WordPress as an export of your site. -->
<!-- It contains information about your site's posts, pages, comments, categories, and other content. -->
<!-- You may use this file to transfer that content from one site to another. -->
<!-- This file is not intended to serve as a complete backup of your site. -->

<!-- To import this information into a WordPress site follow these steps: -->
<!-- 1. Log in to that site as an administrator. -->
<!-- 2. Go to Tools: Import in the WordPress admin panel. -->
<!-- 3. Install the "WordPress" importer from the list. -->
<!-- 4. Activate & Run Importer. -->
<!-- 5. Upload this file using the form provided on that page. -->
<!-- 6. You will first be asked to map the authors in this export file to users -->
<!--    on the site. For each author, you may choose to map to an -->
<!--    existing user on the site or to create a new user. -->
<!-- 7. WordPress will then import each of the posts, pages, comments, categories, etc. -->
<!--    contained in this file into your site. -->

	<!-- generator="WordPress/5.7.2" created="2021-07-14 10:28" -->
<rss version="2.0"
	xmlns:excerpt="http://wordpress.org/export/1.2/excerpt/"
	xmlns:content="http://purl.org/rss/1.0/modules/content/"
	xmlns:wfw="http://wellformedweb.org/CommentAPI/"
	xmlns:dc="http://purl.org/dc/elements/1.1/"
	xmlns:wp="http://wordpress.org/export/1.2/"
>

<channel>
	<title>Golden Holiday Villas</title>
	<link>https://golden.rentivo.com</link>
	<description>Luxury beach villas for couples, families &#38; corporate retreats</description>
	<pubDate>Wed, 14 Jul 2021 10:28:45 +0000</pubDate>
	<language>en-US</language>
	<wp:wxr_version>1.2</wp:wxr_version>
	<wp:base_site_url>https://golden.rentivo.com</wp:base_site_url>
	<wp:base_blog_url>https://golden.rentivo.com</wp:base_blog_url>

		<wp:author><wp:author_id>1</wp:author_id><wp:author_login><![CDATA[rentivo]]></wp:author_login><wp:author_email><![CDATA[danny@rentivo.com]]></wp:author_email><wp:author_display_name><![CDATA[rentivo]]></wp:author_display_name><wp:author_first_name><![CDATA[]]></wp:author_first_name><wp:author_last_name><![CDATA[]]></wp:author_last_name></wp:author>

				
	<generator>https://wordpress.org/?v=5.7.2</generator>

		<item>
		<title><![CDATA[About Us]]></title>
		<link>https://golden.rentivo.com/about/</link>
		<pubDate>Fri, 25 Jun 2021 08:25:36 +0000</pubDate>
		<dc:creator><![CDATA[rentivo]]></dc:creator>
		<guid isPermaLink="false">http://golden.rentivo.com/?page_id=2</guid>
		<description></description>
		<content:encoded><![CDATA[<!-- wp:paragraph -->
<p>This is an example page. It's different from a blog post because it will stay in one place and will show up in your site navigation (in most themes). Most people start with an About page that introduces them to potential site visitors. It might say something like this:</p>
<!-- /wp:paragraph -->

<!-- wp:quote -->
<blockquote class="wp-block-quote"><p>Hi there! I'm a bike messenger by day, aspiring actor by night, and this is my website. I live in Los Angeles, have a great dog named Jack, and I like piña coladas. (And gettin' caught in the rain.)</p></blockquote>
<!-- /wp:quote -->

<!-- wp:paragraph -->
<p>...or something like this:</p>
<!-- /wp:paragraph -->

<!-- wp:quote -->
<blockquote class="wp-block-quote"><p>The XYZ Doohickey Company was founded in 1971, and has been providing quality doohickeys to the public ever since. Located in Gotham City, XYZ employs over 2,000 people and does all kinds of awesome things for the Gotham community.</p></blockquote>
<!-- /wp:quote -->

<!-- wp:paragraph -->
<p>As a new WordPress user, you should go to <a href="http://golden.rentivo.com/wp-admin/">your dashboard</a> to delete this page and create new pages for your content. Have fun!</p>
<!-- /wp:paragraph -->]]></content:encoded>
		<excerpt:encoded><![CDATA[]]></excerpt:encoded>
		<wp:post_id>2</wp:post_id>
		<wp:post_date><![CDATA[2021-06-25 08:25:36]]></wp:post_date>
		<wp:post_date_gmt><![CDATA[2021-06-25 08:25:36]]></wp:post_date_gmt>
		<wp:post_modified><![CDATA[2021-06-25 11:10:02]]></wp:post_modified>
		<wp:post_modified_gmt><![CDATA[2021-06-25 11:10:02]]></wp:post_modified_gmt>
		<wp:comment_status><![CDATA[closed]]></wp:comment_status>
		<wp:ping_status><![CDATA[closed]]></wp:ping_status>
		<wp:post_name><![CDATA[about]]></wp:post_name>
		<wp:status><![CDATA[publish]]></wp:status>
		<wp:post_parent>0</wp:post_parent>
		<wp:menu_order>0</wp:menu_order>
		<wp:post_type><![CDATA[page]]></wp:post_type>
		<wp:post_password><![CDATA[]]></wp:post_password>
		<wp:is_sticky>0</wp:is_sticky>
										<category domain="language" nicename="en"><![CDATA[English]]></category>
						<wp:postmeta>
		<wp:meta_key><![CDATA[_wp_page_template]]></wp:meta_key>
		<wp:meta_value><![CDATA[default]]></wp:meta_value>
		</wp:postmeta>
							<wp:postmeta>
		<wp:meta_key><![CDATA[inline_featured_image]]></wp:meta_key>
		<wp:meta_value><![CDATA[0]]></wp:meta_value>
		</wp:postmeta>
							<wp:postmeta>
		<wp:meta_key><![CDATA[_thumbnail_id]]></wp:meta_key>
		<wp:meta_value><![CDATA[134]]></wp:meta_value>
		</wp:postmeta>
							<wp:postmeta>
		<wp:meta_key><![CDATA[_edit_last]]></wp:meta_key>
		<wp:meta_value><![CDATA[1]]></wp:meta_value>
		</wp:postmeta>
							<wp:postmeta>
		<wp:meta_key><![CDATA[show_page_header]]></wp:meta_key>
		<wp:meta_value><![CDATA[1]]></wp:meta_value>
		</wp:postmeta>
							<wp:postmeta>
		<wp:meta_key><![CDATA[_show_page_header]]></wp:meta_key>
		<wp:meta_value><![CDATA[field_5f2d294717e17]]></wp:meta_value>
		</wp:postmeta>
							<wp:postmeta>
		<wp:meta_key><![CDATA[seo_title]]></wp:meta_key>
		<wp:meta_value><![CDATA[]]></wp:meta_value>
		</wp:postmeta>
							<wp:postmeta>
		<wp:meta_key><![CDATA[_seo_title]]></wp:meta_key>
		<wp:meta_value><![CDATA[field_5e3d2cf147c16]]></wp:meta_value>
		</wp:postmeta>
							<wp:postmeta>
		<wp:meta_key><![CDATA[seo_meta_description]]></wp:meta_key>
		<wp:meta_value><![CDATA[]]></wp:meta_value>
		</wp:postmeta>
							<wp:postmeta>
		<wp:meta_key><![CDATA[_seo_meta_description]]></wp:meta_key>
		<wp:meta_value><![CDATA[field_5e3d2d0047c17]]></wp:meta_value>
		</wp:postmeta>
							<wp:postmeta>
		<wp:meta_key><![CDATA[element_parents]]></wp:meta_key>
		<wp:meta_value><![CDATA[]]></wp:meta_value>
		</wp:postmeta>
							<wp:postmeta>
		<wp:meta_key><![CDATA[_element_parents]]></wp:meta_key>
		<wp:meta_value><![CDATA[field_5e562f92d2a2b]]></wp:meta_value>
		</wp:postmeta>
							<wp:postmeta>
		<wp:meta_key><![CDATA[element_children]]></wp:meta_key>
		<wp:meta_value><![CDATA[]]></wp:meta_value>
		</wp:postmeta>
							<wp:postmeta>
		<wp:meta_key><![CDATA[_element_children]]></wp:meta_key>
		<wp:meta_value><![CDATA[field_5e562fbfd2a2c]]></wp:meta_value>
		</wp:postmeta>
							</item>
					<item>
		<title><![CDATA[Privacy Policy]]></title>
		<link>https://golden.rentivo.com/privacy/</link>
		<pubDate>Fri, 25 Jun 2021 08:25:36 +0000</pubDate>
		<dc:creator><![CDATA[rentivo]]></dc:creator>
		<guid isPermaLink="false">http://golden.rentivo.com/?page_id=3</guid>
		<description></description>
		<content:encoded><![CDATA[<!-- wp:heading -->
<h2>Who we are</h2>
<!-- /wp:heading -->

<!-- wp:paragraph -->
<p><strong class="privacy-policy-tutorial">Suggested text: </strong>Our website address is: http://golden.rentivo.com.</p>
<!-- /wp:paragraph -->

<!-- wp:heading -->
<h2>Comments</h2>
<!-- /wp:heading -->

<!-- wp:paragraph -->
<p><strong class="privacy-policy-tutorial">Suggested text: </strong>When visitors leave comments on the site we collect the data shown in the comments form, and also the visitor’s IP address and browser user agent string to help spam detection.</p>
<!-- /wp:paragraph -->

<!-- wp:paragraph -->
<p>An anonymized string created from your email address (also called a hash) may be provided to the Gravatar service to see if you are using it. The Gravatar service privacy policy is available here: https://automattic.com/privacy/. After approval of your comment, your profile picture is visible to the public in the context of your comment.</p>
<!-- /wp:paragraph -->

<!-- wp:heading -->
<h2>Media</h2>
<!-- /wp:heading -->

<!-- wp:paragraph -->
<p><strong class="privacy-policy-tutorial">Suggested text: </strong>If you upload images to the website, you should avoid uploading images with embedded location data (EXIF GPS) included. Visitors to the website can download and extract any location data from images on the website.</p>
<!-- /wp:paragraph -->

<!-- wp:heading -->
<h2>Cookies</h2>
<!-- /wp:heading -->

<!-- wp:paragraph -->
<p><strong class="privacy-policy-tutorial">Suggested text: </strong>If you leave a comment on our site you may opt-in to saving your name, email address and website in cookies. These are for your convenience so that you do not have to fill in your details again when you leave another comment. These cookies will last for one year.</p>
<!-- /wp:paragraph -->

<!-- wp:paragraph -->
<p>If you visit our login page, we will set a temporary cookie to determine if your browser accepts cookies. This cookie contains no personal data and is discarded when you close your browser.</p>
<!-- /wp:paragraph -->

<!-- wp:paragraph -->
<p>When you log in, we will also set up several cookies to save your login information and your screen display choices. Login cookies last for two days, and screen options cookies last for a year. If you select "Remember Me", your login will persist for two weeks. If you log out of your account, the login cookies will be removed.</p>
<!-- /wp:paragraph -->

<!-- wp:paragraph -->
<p>If you edit or publish an article, an additional cookie will be saved in your browser. This cookie includes no personal data and simply indicates the post ID of the article you just edited. It expires after 1 day.</p>
<!-- /wp:paragraph -->

<!-- wp:heading -->
<h2>Embedded content from other websites</h2>
<!-- /wp:heading -->

<!-- wp:paragraph -->
<p><strong class="privacy-policy-tutorial">Suggested text: </strong>Articles on this site may include embedded content (e.g. videos, images, articles, etc.). Embedded content from other websites behaves in the exact same way as if the visitor has visited the other website.</p>
<!-- /wp:paragraph -->

<!-- wp:paragraph -->
<p>These websites may collect data about you, use cookies, embed additional third-party tracking, and monitor your interaction with that embedded content, including tracking your interaction with the embedded content if you have an account and are logged in to that website.</p>
<!-- /wp:paragraph -->

<!-- wp:heading -->
<h2>Who we share your data with</h2>
<!-- /wp:heading -->

<!-- wp:paragraph -->
<p><strong class="privacy-policy-tutorial">Suggested text: </strong>If you request a password reset, your IP address will be included in the reset email.</p>
<!-- /wp:paragraph -->

<!-- wp:heading -->
<h2>How long we retain your data</h2>
<!-- /wp:heading -->

<!-- wp:paragraph -->
<p><strong class="privacy-policy-tutorial">Suggested text: </strong>If you leave a comment, the comment and its metadata are retained indefinitely. This is so we can recognize and approve any follow-up comments automatically instead of holding them in a moderation queue.</p>
<!-- /wp:paragraph -->

<!-- wp:paragraph -->
<p>For users that register on our website (if any), we also store the personal information they provide in their user profile. All users can see, edit, or delete their personal information at any time (except they cannot change their username). Website administrators can also see and edit that information.</p>
<!-- /wp:paragraph -->

<!-- wp:heading -->
<h2>What rights you have over your data</h2>
<!-- /wp:heading -->

<!-- wp:paragraph -->
<p><strong class="privacy-policy-tutorial">Suggested text: </strong>If you have an account on this site, or have left comments, you can request to receive an exported file of the personal data we hold about you, including any data you have provided to us. You can also request that we erase any personal data we hold about you. This does not include any data we are obliged to keep for administrative, legal, or security purposes.</p>
<!-- /wp:paragraph -->

<!-- wp:heading -->
<h2>Where we send your data</h2>
<!-- /wp:heading -->

<!-- wp:paragraph -->
<p><strong class="privacy-policy-tutorial">Suggested text: </strong>Visitor comments may be checked through an automated spam detection service.</p>
<!-- /wp:paragraph -->]]></content:encoded>
		<excerpt:encoded><![CDATA[]]></excerpt:encoded>
		<wp:post_id>3</wp:post_id>
		<wp:post_date><![CDATA[2021-06-25 08:25:36]]></wp:post_date>
		<wp:post_date_gmt><![CDATA[2021-06-25 08:25:36]]></wp:post_date_gmt>
		<wp:post_modified><![CDATA[2021-06-25 10:38:28]]></wp:post_modified>
		<wp:post_modified_gmt><![CDATA[2021-06-25 10:38:28]]></wp:post_modified_gmt>
		<wp:comment_status><![CDATA[closed]]></wp:comment_status>
		<wp:ping_status><![CDATA[closed]]></wp:ping_status>
		<wp:post_name><![CDATA[privacy]]></wp:post_name>
		<wp:status><![CDATA[publish]]></wp:status>
		<wp:post_parent>0</wp:post_parent>
		<wp:menu_order>0</wp:menu_order>
		<wp:post_type><![CDATA[page]]></wp:post_type>
		<wp:post_password><![CDATA[]]></wp:post_password>
		<wp:is_sticky>0</wp:is_sticky>
										<category domain="language" nicename="en"><![CDATA[English]]></category>
						<wp:postmeta>
		<wp:meta_key><![CDATA[_wp_page_template]]></wp:meta_key>
		<wp:meta_value><![CDATA[default]]></wp:meta_value>
		</wp:postmeta>
							<wp:postmeta>
		<wp:meta_key><![CDATA[inline_featured_image]]></wp:meta_key>
		<wp:meta_value><![CDATA[0]]></wp:meta_value>
		</wp:postmeta>
							<wp:postmeta>
		<wp:meta_key><![CDATA[_edit_last]]></wp:meta_key>
		<wp:meta_value><![CDATA[1]]></wp:meta_value>
		</wp:postmeta>
							<wp:postmeta>
		<wp:meta_key><![CDATA[show_page_header]]></wp:meta_key>
		<wp:meta_value><![CDATA[1]]></wp:meta_value>
		</wp:postmeta>
							<wp:postmeta>
		<wp:meta_key><![CDATA[_show_page_header]]></wp:meta_key>
		<wp:meta_value><![CDATA[field_5f2d294717e17]]></wp:meta_value>
		</wp:postmeta>
							<wp:postmeta>
		<wp:meta_key><![CDATA[seo_title]]></wp:meta_key>
		<wp:meta_value><![CDATA[]]></wp:meta_value>
		</wp:postmeta>
							<wp:postmeta>
		<wp:meta_key><![CDATA[_seo_title]]></wp:meta_key>
		<wp:meta_value><![CDATA[field_5e3d2cf147c16]]></wp:meta_value>
		</wp:postmeta>
							<wp:postmeta>
		<wp:meta_key><![CDATA[seo_meta_description]]></wp:meta_key>
		<wp:meta_value><![CDATA[]]></wp:meta_value>
		</wp:postmeta>
							<wp:postmeta>
		<wp:meta_key><![CDATA[_seo_meta_description]]></wp:meta_key>
		<wp:meta_value><![CDATA[field_5e3d2d0047c17]]></wp:meta_value>
		</wp:postmeta>
							<wp:postmeta>
		<wp:meta_key><![CDATA[element_parents]]></wp:meta_key>
		<wp:meta_value><![CDATA[]]></wp:meta_value>
		</wp:postmeta>
							<wp:postmeta>
		<wp:meta_key><![CDATA[_element_parents]]></wp:meta_key>
		<wp:meta_value><![CDATA[field_5e562f92d2a2b]]></wp:meta_value>
		</wp:postmeta>
							<wp:postmeta>
		<wp:meta_key><![CDATA[element_children]]></wp:meta_key>
		<wp:meta_value><![CDATA[]]></wp:meta_value>
		</wp:postmeta>
							<wp:postmeta>
		<wp:meta_key><![CDATA[_element_children]]></wp:meta_key>
		<wp:meta_value><![CDATA[field_5e562fbfd2a2c]]></wp:meta_value>
		</wp:postmeta>
							</item>
					<item>
		<title><![CDATA[Home]]></title>
		<link>https://golden.rentivo.com/</link>
		<pubDate>Fri, 25 Jun 2021 10:30:06 +0000</pubDate>
		<dc:creator><![CDATA[rentivo]]></dc:creator>
		<guid isPermaLink="false">https://golden.rentivo.com/?page_id=189</guid>
		<description></description>
		<content:encoded><![CDATA[<!-- wp:lazyblock/hero-gallery {"images":"%5B%7B%22alt%22:%22Luxury%20Thailand%20Villas%22,%22title%22:%22%22,%22caption%22:%22%22,%22id%22:760,%22link%22:%22https://thailandvillas.rentivo-domains.com/home-real/villa7294-dining/%22,%22url%22:%22https://thailandvillas.rentivo-domains.com/wp-content/uploads/sites/4/2020/07/villa7294-dining.jpg%22%7D%5D","height":650,"fullHeight":true,"autoplay":false,"autoplaySpeed":4000,"splitScreen":true,"splitAlignImage":"left","className":"mb-xl","align":"full","blockId":"Z11cwa9","blockUniqueClass":"lazyblock-hero-gallery-Z11cwa9"} -->
<!-- wp:lazyblock/box {"className":"maxW:640px minW:[base:none,xl:540] w:100%","blockId":"2cWhod","blockUniqueClass":"lazyblock-box-2cWhod"} -->
<!-- wp:heading {"level":1,"className":"mb:0 fontSize:[base:4xl,md:5xl,lg:6xl] fontWeight:medium"} -->
<h1 class="mb:0 fontSize:[base:4xl,md:5xl,lg:6xl] fontWeight:medium">Lorem ipsum<br>Amet consectetur <br>Dolor elit</h1>
<!-- /wp:heading -->

<!-- wp:paragraph {"className":"fontSize:lg mb:6 color:textLight"} -->
<p class="fontSize:lg mb:6 color:textLight">Pellentesque id nibh tortor id aliquet. Nulla facilisi morbi tempus iaculis urna id volutpat lacus. Ridiculus mus mauris vitae ultricies leo integer</p>
<!-- /wp:paragraph -->

<!-- wp:lazyblock/search-bar {"stacked":true,"blockId":"wwabU","blockUniqueClass":"lazyblock-search-bar-wwabU"} /-->
<!-- /wp:lazyblock/box -->
<!-- /wp:lazyblock/hero-gallery -->

<!-- wp:lazyblock/row-block {"rowType":"largePadding","align":"full","blockId":"1SMK0o","blockUniqueClass":"lazyblock-row-block-1SMK0o"} -->
<!-- wp:lazyblock/inner-row-block {"blockId":"Z1S4evJ","blockUniqueClass":"lazyblock-inner-row-block-Z1S4evJ"} -->
<!-- wp:lazyblock/section-title {"title":"Euismod quis viverra nibh","subtitle":"Gravida quis blandit turpis cursus. Justo laoreet sit amet cursus sit amet dictum sit amet","textAlign":"left","titleClass":"fontFamily:body fontSize:3xl fontWeight:semibold","align":"full","blockId":"1mGtuq","blockUniqueClass":"lazyblock-section-title-1mGtuq"} /-->

<!-- wp:columns {"align":"full","className":"mb:6"} -->
<div class="wp-block-columns alignfull mb:6"><!-- wp:column -->
<div class="wp-block-column"><!-- wp:lazyblock/card {"image":"%7B%22alt%22:%22Bangkok%22,%22title%22:%22bangkok-1024x683%22,%22caption%22:%22%22,%22id%22:412,%22link%22:%22https://thailandvillas.rentivo-domains.com/bangkok-1024x683/%22,%22url%22:%22https://thailandvillas.rentivo-domains.com/wp-content/uploads/sites/4/2020/07/bangkok-1024x683-1.jpg%22%7D","title":"Bangkok","link":"/rentals/bangkok/","aspect":"4/3","blockId":"WbxRz","blockUniqueClass":"lazyblock-card-WbxRz"} /--></div>
<!-- /wp:column -->

<!-- wp:column -->
<div class="wp-block-column"><!-- wp:lazyblock/card {"image":"%7B%22alt%22:%22Koh%20Samui%22,%22title%22:%22koh-samui-1024x683%22,%22caption%22:%22%22,%22id%22:417,%22link%22:%22https://thailandvillas.rentivo-domains.com/koh-samui-1024x683/%22,%22url%22:%22https://thailandvillas.rentivo-domains.com/wp-content/uploads/sites/4/2020/07/koh-samui-1024x683-1.jpg%22%7D","title":"Koh Samui","link":"/rentals/koh-samui/","aspect":"4/3","ribbonText":"Flagship Location","blockId":"K9cL","blockUniqueClass":"lazyblock-card-K9cL"} /--></div>
<!-- /wp:column -->

<!-- wp:column -->
<div class="wp-block-column"><!-- wp:lazyblock/card {"image":"%7B%22alt%22:%22Phuket%22,%22title%22:%22phuket-1024x682%22,%22caption%22:%22%22,%22id%22:420,%22link%22:%22https://thailandvillas.rentivo-domains.com/phuket-1024x682/%22,%22url%22:%22https://thailandvillas.rentivo-domains.com/wp-content/uploads/sites/4/2020/07/phuket-1024x682-1.jpg%22%7D","title":"Phuket","link":"/rentals/phuket/","aspect":"4/3","blockId":"Bth3M","blockUniqueClass":"lazyblock-card-Bth3M"} /--></div>
<!-- /wp:column --></div>
<!-- /wp:columns -->
<!-- /wp:lazyblock/inner-row-block -->
<!-- /wp:lazyblock/row-block -->

<!-- wp:lazyblock/row-block {"align":"full","blockId":"2cEaOO","blockUniqueClass":"lazyblock-row-block-2cEaOO"} -->
<!-- wp:lazyblock/inner-row-block {"blockId":"Z16nwjr","blockUniqueClass":"lazyblock-inner-row-block-Z16nwjr"} -->
<!-- wp:lazyblock/section-title {"title":"Accumsan in nisl","subtitle":"Quis blandit turpis cursus in hac habitasse platea dictumst quisque. Fermentum posuere urna nec tincidunt","textAlign":"left","titleClass":"fontFamily:body fontSize:3xl fontWeight:semibold","align":"full","blockId":"KjDmU","blockUniqueClass":"lazyblock-section-title-KjDmU"} /-->
<!-- /wp:lazyblock/inner-row-block -->

<!-- wp:lazyblock/inner-row-block {"align":"full","blockId":"wiDEE","blockUniqueClass":"lazyblock-inner-row-block-wiDEE"} -->
<!-- wp:lazyblock/featured-properties {"propertyIDs":"%5B%7B%22id%22:%22baan-buaa%22%7D,%7B%22id%22:%22villa-dove%22%7D,%7B%22id%22:%22baan-kilee%22%7D,%7B%22id%22:%22villa-sawarin%22%7D,%7B%22id%22:%22grand-villa-noi%22%7D,%7B%22id%22:%22atulya-residence-koh-samui%22%7D,%7B%22id%22:%22villa-splash-at-lime-samui%22%7D,%7B%22id%22:%22baan-buaa%22%7D,%7B%22id%22:%22villa-dove%22%7D%5D","align":"full","blockId":"Z1RCt7D","blockUniqueClass":"lazyblock-featured-properties-Z1RCt7D"} /-->
<!-- /wp:lazyblock/inner-row-block -->
<!-- /wp:lazyblock/row-block -->

<!-- wp:lazyblock/row-block {"align":"full","blockId":"Z9EDyj","blockUniqueClass":"lazyblock-row-block-Z9EDyj"} -->
<!-- wp:lazyblock/inner-row-block {"className":"mb:12","blockId":"Z4YueX","blockUniqueClass":"lazyblock-inner-row-block-Z4YueX"} -->
<!-- wp:columns {"align":"full"} -->
<div class="wp-block-columns alignfull"><!-- wp:column -->
<div class="wp-block-column"><!-- wp:image {"id":201,"sizeSlug":"large","linkDestination":"none"} -->
<figure class="wp-block-image size-large"><img src="http://golden.rentivo.com/wp-content/uploads/2021/06/villa-desk-tall.jpeg" alt="Villa" class="wp-image-201"/></figure>
<!-- /wp:image --></div>
<!-- /wp:column -->

<!-- wp:column -->
<div class="wp-block-column"><!-- wp:spacer {"height":33,"className":"display:[base:none,lg:block]"} -->
<div style="height:33px" aria-hidden="true" class="wp-block-spacer display:[base:none,lg:block]"></div>
<!-- /wp:spacer -->

<!-- wp:lazyblock/box {"className":"maxW:600px w:100% px:[base:0,lg:6]","blockId":"1h2YiN","blockUniqueClass":"lazyblock-box-1h2YiN"} -->
<!-- wp:paragraph {"className":"fontSize:7xl mb:0 color:primary.500 fontFamily:heading fontWeight:normal"} -->
<p class="fontSize:7xl mb:0 color:primary.500 fontFamily:heading fontWeight:normal">01</p>
<!-- /wp:paragraph -->

<!-- wp:heading {"level":3,"className":"has-large-font-size"} -->
<h3 class="has-large-font-size">Risus in hendrerit</h3>
<!-- /wp:heading -->

<!-- wp:paragraph -->
<p>Id interdum velit laoreet id donec ultrices tincidunt arcu non. At urna condimentum mattis pellentesque id nibh tortor id. Tempus quam pellentesque nec nam aliquam sem et tortor. Urna cursus eget nunc scelerisque. Non nisi est sit amet facilisis. Nullam ac tortor vitae purus faucibus. Tempus imperdiet nulla malesuada pellentesque elit eget.</p>
<!-- /wp:paragraph -->

<!-- wp:lazyblock/theme-buttons {"buttons":"%5B%7B%22type%22:%22secondary%22,%22label%22:%22Our%20portfolio%22,%22link%22:%22/rentals/%22,%22size%22:%22default%22,%22themeButtonType%22:%22secondary%22%7D,%7B%22type%22:%22default%22,%22ghost%22:false,%22label%22:%22Get%20in%20touch%22,%22link%22:%22/contact/%22%7D%5D","blockId":"ZGDhJX","blockUniqueClass":"lazyblock-theme-buttons-ZGDhJX"} /-->

<!-- wp:paragraph -->
<p></p>
<!-- /wp:paragraph -->
<!-- /wp:lazyblock/box --></div>
<!-- /wp:column --></div>
<!-- /wp:columns -->
<!-- /wp:lazyblock/inner-row-block -->

<!-- wp:lazyblock/inner-row-block {"className":"mb:12","blockId":"Dmi6w","blockUniqueClass":"lazyblock-inner-row-block-Dmi6w"} -->
<!-- wp:columns {"align":"full","className":"mb:12"} -->
<div class="wp-block-columns alignfull mb:12"><!-- wp:column {"className":"order:[base:1,lg:0]"} -->
<div class="wp-block-column order:[base:1,lg:0]"><!-- wp:spacer {"height":33,"className":"display:[base:none,lg:block]"} -->
<div style="height:33px" aria-hidden="true" class="wp-block-spacer display:[base:none,lg:block]"></div>
<!-- /wp:spacer -->

<!-- wp:lazyblock/box {"className":"maxW:600px w:100% px:[base:0,lg:6]","blockId":"Z281Fh4","blockUniqueClass":"lazyblock-box-Z281Fh4"} -->
<!-- wp:paragraph {"className":"fontSize:7xl mb:0 color:primary.500 fontFamily:heading fontWeight:normal"} -->
<p class="fontSize:7xl mb:0 color:primary.500 fontFamily:heading fontWeight:normal">02</p>
<!-- /wp:paragraph -->

<!-- wp:heading {"level":3,"className":"has-large-font-size"} -->
<h3 class="has-large-font-size">Sagittis eu volutpat odio facilisis</h3>
<!-- /wp:heading -->

<!-- wp:paragraph -->
<p>olutpat commodo sed egestas egestas fringilla phasellus. At quis risus sed vulputate odio ut enim. Amet consectetur adipiscing elit ut aliquam purus sit amet. Erat velit scelerisque in dictum. Sollicitudin nibh sit amet commodo nulla facilisi. Tortor consequat id porta nibh venenatis cras sed felis eget. Ipsum dolor sit amet consectetur adipiscing elit duis tristique sollicitudin.</p>
<!-- /wp:paragraph -->

<!-- wp:paragraph -->
<p>Pharetra convallis posuere morbi leo urna molestie at. Dictum varius duis at consectetur lorem.&nbsp;</p>
<!-- /wp:paragraph -->

<!-- wp:lazyblock/theme-buttons {"buttons":"%5B%7B%22type%22:%22secondary%22,%22label%22:%22Our%20destinations%22,%22link%22:%22/rentals/thailand/%22,%22size%22:%22default%22,%22themeButtonType%22:%22secondary%22%7D%5D","blockId":"Z2qDObP","blockUniqueClass":"lazyblock-theme-buttons-Z2qDObP"} /-->
<!-- /wp:lazyblock/box --></div>
<!-- /wp:column -->

<!-- wp:column {"className":"order:[base:0,lg:1]"} -->
<div class="wp-block-column order:[base:0,lg:1]"><!-- wp:image {"id":199,"sizeSlug":"large","linkDestination":"none"} -->
<figure class="wp-block-image size-large"><img src="http://golden.rentivo.com/wp-content/uploads/2021/06/thailand.jpeg" alt="Boats" class="wp-image-199"/></figure>
<!-- /wp:image --></div>
<!-- /wp:column --></div>
<!-- /wp:columns -->
<!-- /wp:lazyblock/inner-row-block -->

<!-- wp:lazyblock/inner-row-block {"className":"mb:12","blockId":"ZQSWR8","blockUniqueClass":"lazyblock-inner-row-block-ZQSWR8"} -->
<!-- wp:columns {"align":"full"} -->
<div class="wp-block-columns alignfull"><!-- wp:column -->
<div class="wp-block-column"><!-- wp:image {"id":195,"sizeSlug":"large","linkDestination":"none"} -->
<figure class="wp-block-image size-large"><img src="http://golden.rentivo.com/wp-content/uploads/2021/06/koh-yao-estate-chef-tall.jpeg" alt="Chef" class="wp-image-195"/></figure>
<!-- /wp:image --></div>
<!-- /wp:column -->

<!-- wp:column -->
<div class="wp-block-column"><!-- wp:spacer {"height":50,"className":"display:[base:none,lg:block]"} -->
<div style="height:50px" aria-hidden="true" class="wp-block-spacer display:[base:none,lg:block]"></div>
<!-- /wp:spacer -->

<!-- wp:lazyblock/box {"className":"maxW:600px w:100% px:[base:0,lg:6]","blockId":"Z1Jx0h","blockUniqueClass":"lazyblock-box-Z1Jx0h"} -->
<!-- wp:paragraph {"className":"fontSize:7xl mb:0 color:primary.500 fontFamily:heading fontWeight:normal"} -->
<p class="fontSize:7xl mb:0 color:primary.500 fontFamily:heading fontWeight:normal">03</p>
<!-- /wp:paragraph -->

<!-- wp:heading {"level":3,"className":"has-large-font-size"} -->
<h3 class="has-large-font-size">Viverra suspendisse</h3>
<!-- /wp:heading -->

<!-- wp:paragraph -->
<p>Mattis ullamcorper velit sed ullamcorper morbi. Bibendum enim facilisis gravida neque convallis a cras semper. Dolor sit amet consectetur adipiscing elit ut aliquam purus.</p>
<!-- /wp:paragraph -->

<!-- wp:lazyblock/theme-buttons {"buttons":"%5B%7B%22type%22:%22secondary%22,%22ghost%22:false,%22label%22:%22About%20Us%22,%22link%22:%22/about/%22,%22themeButtonType%22:%22secondary%22%7D%5D","blockId":"jwFXm","blockUniqueClass":"lazyblock-theme-buttons-jwFXm"} /-->

<!-- wp:paragraph -->
<p></p>
<!-- /wp:paragraph -->
<!-- /wp:lazyblock/box --></div>
<!-- /wp:column --></div>
<!-- /wp:columns -->
<!-- /wp:lazyblock/inner-row-block -->
<!-- /wp:lazyblock/row-block -->

<!-- wp:lazyblock/row-block {"useThemeHighlight":true,"rowType":"largePadding","className":"mb:0","align":"full","blockId":"Z2gzMw4","blockUniqueClass":"lazyblock-row-block-Z2gzMw4"} -->
<!-- wp:lazyblock/inner-row-block {"blockId":"ZWQQ0p","blockUniqueClass":"lazyblock-inner-row-block-ZWQQ0p"} -->
<!-- wp:lazyblock/section-title {"title":"Subscribe for exclusive discounts","subtitle":"Our emails are infrequent and never spammy.","level":3,"titleClass":"fontFamily:body fontSize:3xl fontWeight:semibold","align":"full","blockId":"1amiTA","blockUniqueClass":"lazyblock-section-title-1amiTA"} /-->

<!-- wp:lazyblock/newsletter {"formAction":"https://discoveryholidayhomes.us5.list-manage.com/subscribe/post-json?u=7905298e52d9ad2579d34f77f\u0026amp;id=59acac9a42","align":"full","blockId":"ZCDJ5U","blockUniqueClass":"lazyblock-newsletter-ZCDJ5U"} /-->
<!-- /wp:lazyblock/inner-row-block -->
<!-- /wp:lazyblock/row-block -->]]></content:encoded>
		<excerpt:encoded><![CDATA[]]></excerpt:encoded>
		<wp:post_id>189</wp:post_id>
		<wp:post_date><![CDATA[2021-06-25 10:30:06]]></wp:post_date>
		<wp:post_date_gmt><![CDATA[2021-06-25 10:30:06]]></wp:post_date_gmt>
		<wp:post_modified><![CDATA[2021-06-25 11:09:36]]></wp:post_modified>
		<wp:post_modified_gmt><![CDATA[2021-06-25 11:09:36]]></wp:post_modified_gmt>
		<wp:comment_status><![CDATA[closed]]></wp:comment_status>
		<wp:ping_status><![CDATA[closed]]></wp:ping_status>
		<wp:post_name><![CDATA[home]]></wp:post_name>
		<wp:status><![CDATA[publish]]></wp:status>
		<wp:post_parent>0</wp:post_parent>
		<wp:menu_order>0</wp:menu_order>
		<wp:post_type><![CDATA[page]]></wp:post_type>
		<wp:post_password><![CDATA[]]></wp:post_password>
		<wp:is_sticky>0</wp:is_sticky>
										<category domain="language" nicename="en"><![CDATA[English]]></category>
						<wp:postmeta>
		<wp:meta_key><![CDATA[inline_featured_image]]></wp:meta_key>
		<wp:meta_value><![CDATA[0]]></wp:meta_value>
		</wp:postmeta>
							<wp:postmeta>
		<wp:meta_key><![CDATA[_thumbnail_id]]></wp:meta_key>
		<wp:meta_value><![CDATA[197]]></wp:meta_value>
		</wp:postmeta>
							<wp:postmeta>
		<wp:meta_key><![CDATA[_edit_last]]></wp:meta_key>
		<wp:meta_value><![CDATA[1]]></wp:meta_value>
		</wp:postmeta>
							<wp:postmeta>
		<wp:meta_key><![CDATA[show_page_header]]></wp:meta_key>
		<wp:meta_value><![CDATA[0]]></wp:meta_value>
		</wp:postmeta>
							<wp:postmeta>
		<wp:meta_key><![CDATA[_show_page_header]]></wp:meta_key>
		<wp:meta_value><![CDATA[field_5f2d294717e17]]></wp:meta_value>
		</wp:postmeta>
							<wp:postmeta>
		<wp:meta_key><![CDATA[seo_title]]></wp:meta_key>
		<wp:meta_value><![CDATA[Golden Holiday Villas]]></wp:meta_value>
		</wp:postmeta>
							<wp:postmeta>
		<wp:meta_key><![CDATA[_seo_title]]></wp:meta_key>
		<wp:meta_value><![CDATA[field_5e3d2cf147c16]]></wp:meta_value>
		</wp:postmeta>
							<wp:postmeta>
		<wp:meta_key><![CDATA[seo_meta_description]]></wp:meta_key>
		<wp:meta_value><![CDATA[Luxury beach villas for couples, families and corporate retreats]]></wp:meta_value>
		</wp:postmeta>
							<wp:postmeta>
		<wp:meta_key><![CDATA[_seo_meta_description]]></wp:meta_key>
		<wp:meta_value><![CDATA[field_5e3d2d0047c17]]></wp:meta_value>
		</wp:postmeta>
							<wp:postmeta>
		<wp:meta_key><![CDATA[element_parents]]></wp:meta_key>
		<wp:meta_value><![CDATA[]]></wp:meta_value>
		</wp:postmeta>
							<wp:postmeta>
		<wp:meta_key><![CDATA[_element_parents]]></wp:meta_key>
		<wp:meta_value><![CDATA[field_5e562f92d2a2b]]></wp:meta_value>
		</wp:postmeta>
							<wp:postmeta>
		<wp:meta_key><![CDATA[element_children]]></wp:meta_key>
		<wp:meta_value><![CDATA[]]></wp:meta_value>
		</wp:postmeta>
							<wp:postmeta>
		<wp:meta_key><![CDATA[_element_children]]></wp:meta_key>
		<wp:meta_value><![CDATA[field_5e562fbfd2a2c]]></wp:meta_value>
		</wp:postmeta>
							</item>
					<item>
		<title><![CDATA[Contact]]></title>
		<link>https://golden.rentivo.com/contact/</link>
		<pubDate>Fri, 25 Jun 2021 10:40:21 +0000</pubDate>
		<dc:creator><![CDATA[rentivo]]></dc:creator>
		<guid isPermaLink="false">https://golden.rentivo.com/?page_id=222</guid>
		<description></description>
		<content:encoded><![CDATA[<!-- wp:lazyblock/row-block {"useThemeHighlight":true,"rowType":"largePadding","className":"mt\u002d\u002dxl","align":"full","blockId":"1IYSht","blockUniqueClass":"lazyblock-row-block-1IYSht"} -->
<!-- wp:lazyblock/inner-row-block {"align":"wide","blockId":"1S37vG","blockUniqueClass":"lazyblock-inner-row-block-1S37vG"} -->
<!-- wp:lazyblock/section-title {"title":"For guests \u0026 travelers","textAlign":"left","align":"full","blockId":"1hm4bG","blockUniqueClass":"lazyblock-section-title-1hm4bG"} /-->

<!-- wp:columns {"align":"full"} -->
<div class="wp-block-columns alignfull"><!-- wp:column -->
<div class="wp-block-column"><!-- wp:lazyblock/enquiry-form {"blockId":"dOlwk","blockUniqueClass":"lazyblock-enquiry-form-dOlwk"} /--></div>
<!-- /wp:column -->

<!-- wp:column {"className":"hidden-md"} -->
<div class="wp-block-column hidden-md"><!-- wp:lazyblock/box {"className":"px:[base:0,lg:8]","blockId":"xRvD9","blockUniqueClass":"lazyblock-box-xRvD9"} -->
<!-- wp:heading {"level":3} -->
<h3>Get in touch</h3>
<!-- /wp:heading -->

<!-- wp:paragraph -->
<p>Id interdum velit laoreet id donec ultrices tincidunt arcu non. At urna condimentum mattis pellentesque id nibh tortor id. </p>
<!-- /wp:paragraph -->

<!-- wp:paragraph -->
<p>Tempus quam pellentesque nec nam aliquam sem et tortor. Urna cursus eget nunc scelerisque. Non nisi est sit amet facilisis. Nullam ac tortor vitae purus faucibus. </p>
<!-- /wp:paragraph -->
<!-- /wp:lazyblock/box --></div>
<!-- /wp:column --></div>
<!-- /wp:columns -->
<!-- /wp:lazyblock/inner-row-block -->
<!-- /wp:lazyblock/row-block -->

<!-- wp:lazyblock/row-block {"rowType":"largePadding","align":"full","blockId":"1EWMCg","blockUniqueClass":"lazyblock-row-block-1EWMCg"} -->
<!-- wp:lazyblock/inner-row-block {"align":"wide","blockId":"1e4Lqp","blockUniqueClass":"lazyblock-inner-row-block-1e4Lqp"} -->
<!-- wp:lazyblock/section-title {"title":"For owners, managers \u0026 businesses","textAlign":"left","align":"full","blockId":"3IH1h","blockUniqueClass":"lazyblock-section-title-3IH1h"} /-->

<!-- wp:columns {"align":"full","className":"stack-lg"} -->
<div class="wp-block-columns alignfull stack-lg"><!-- wp:column -->
<div class="wp-block-column"><!-- wp:lazyblock/enquiry-form {"enquiryType":"business","buttonType":"secondary","blockId":"KvN22","blockUniqueClass":"lazyblock-enquiry-form-KvN22"} /--></div>
<!-- /wp:column -->

<!-- wp:column -->
<div class="wp-block-column"><!-- wp:lazyblock/box {"className":"px:[base:0,lg:8]","blockId":"Z7vfcY","blockUniqueClass":"lazyblock-box-Z7vfcY"} -->
<!-- wp:heading {"level":3} -->
<h3>Golden Holiday Villas</h3>
<!-- /wp:heading -->

<!-- wp:paragraph -->
<p>Id interdum velit laoreet id donec ultrices tincidunt arcu non. At urna condimentum mattis pellentesque id nibh tortor id. </p>
<!-- /wp:paragraph -->

<!-- wp:paragraph -->
<p>Tempus quam pellentesque nec nam aliquam sem et tortor. Urna cursus eget nunc scelerisque. Non nisi est sit amet facilisis. Nullam ac tortor vitae purus faucibus.&nbsp;</p>
<!-- /wp:paragraph -->
<!-- /wp:lazyblock/box --></div>
<!-- /wp:column --></div>
<!-- /wp:columns -->
<!-- /wp:lazyblock/inner-row-block -->
<!-- /wp:lazyblock/row-block -->]]></content:encoded>
		<excerpt:encoded><![CDATA[]]></excerpt:encoded>
		<wp:post_id>222</wp:post_id>
		<wp:post_date><![CDATA[2021-06-25 10:40:21]]></wp:post_date>
		<wp:post_date_gmt><![CDATA[2021-06-25 10:40:21]]></wp:post_date_gmt>
		<wp:post_modified><![CDATA[2021-06-25 10:40:22]]></wp:post_modified>
		<wp:post_modified_gmt><![CDATA[2021-06-25 10:40:22]]></wp:post_modified_gmt>
		<wp:comment_status><![CDATA[closed]]></wp:comment_status>
		<wp:ping_status><![CDATA[open]]></wp:ping_status>
		<wp:post_name><![CDATA[contact]]></wp:post_name>
		<wp:status><![CDATA[publish]]></wp:status>
		<wp:post_parent>0</wp:post_parent>
		<wp:menu_order>0</wp:menu_order>
		<wp:post_type><![CDATA[page]]></wp:post_type>
		<wp:post_password><![CDATA[]]></wp:post_password>
		<wp:is_sticky>0</wp:is_sticky>
										<category domain="language" nicename="en"><![CDATA[English]]></category>
						<wp:postmeta>
		<wp:meta_key><![CDATA[inline_featured_image]]></wp:meta_key>
		<wp:meta_value><![CDATA[0]]></wp:meta_value>
		</wp:postmeta>
							<wp:postmeta>
		<wp:meta_key><![CDATA[_wp_page_template]]></wp:meta_key>
		<wp:meta_value><![CDATA[default]]></wp:meta_value>
		</wp:postmeta>
							<wp:postmeta>
		<wp:meta_key><![CDATA[inline_featured_image]]></wp:meta_key>
		<wp:meta_value><![CDATA[0]]></wp:meta_value>
		</wp:postmeta>
							<wp:postmeta>
		<wp:meta_key><![CDATA[_thumbnail_id]]></wp:meta_key>
		<wp:meta_value><![CDATA[136]]></wp:meta_value>
		</wp:postmeta>
							<wp:postmeta>
		<wp:meta_key><![CDATA[_edit_last]]></wp:meta_key>
		<wp:meta_value><![CDATA[1]]></wp:meta_value>
		</wp:postmeta>
							<wp:postmeta>
		<wp:meta_key><![CDATA[show_page_header]]></wp:meta_key>
		<wp:meta_value><![CDATA[1]]></wp:meta_value>
		</wp:postmeta>
							<wp:postmeta>
		<wp:meta_key><![CDATA[_show_page_header]]></wp:meta_key>
		<wp:meta_value><![CDATA[field_5f2d294717e17]]></wp:meta_value>
		</wp:postmeta>
							<wp:postmeta>
		<wp:meta_key><![CDATA[seo_title]]></wp:meta_key>
		<wp:meta_value><![CDATA[]]></wp:meta_value>
		</wp:postmeta>
							<wp:postmeta>
		<wp:meta_key><![CDATA[_seo_title]]></wp:meta_key>
		<wp:meta_value><![CDATA[field_5e3d2cf147c16]]></wp:meta_value>
		</wp:postmeta>
							<wp:postmeta>
		<wp:meta_key><![CDATA[seo_meta_description]]></wp:meta_key>
		<wp:meta_value><![CDATA[]]></wp:meta_value>
		</wp:postmeta>
							<wp:postmeta>
		<wp:meta_key><![CDATA[_seo_meta_description]]></wp:meta_key>
		<wp:meta_value><![CDATA[field_5e3d2d0047c17]]></wp:meta_value>
		</wp:postmeta>
							<wp:postmeta>
		<wp:meta_key><![CDATA[element_parents]]></wp:meta_key>
		<wp:meta_value><![CDATA[]]></wp:meta_value>
		</wp:postmeta>
							<wp:postmeta>
		<wp:meta_key><![CDATA[_element_parents]]></wp:meta_key>
		<wp:meta_value><![CDATA[field_5e562f92d2a2b]]></wp:meta_value>
		</wp:postmeta>
							<wp:postmeta>
		<wp:meta_key><![CDATA[element_children]]></wp:meta_key>
		<wp:meta_value><![CDATA[]]></wp:meta_value>
		</wp:postmeta>
							<wp:postmeta>
		<wp:meta_key><![CDATA[_element_children]]></wp:meta_key>
		<wp:meta_value><![CDATA[field_5e562fbfd2a2c]]></wp:meta_value>
		</wp:postmeta>
							</item>
				</channel>
</rss>
	