<?xml version="1.0" encoding="UTF-8" ?>
<!-- This is a WordPress eXtended RSS file generated by WordPress as an export of your site. -->
<!-- It contains information about your site's posts, pages, comments, categories, and other content. -->
<!-- You may use this file to transfer that content from one site to another. -->
<!-- This file is not intended to serve as a complete backup of your site. -->

<!-- To import this information into a WordPress site follow these steps: -->
<!-- 1. Log in to that site as an administrator. -->
<!-- 2. Go to Tools: Import in the WordPress admin panel. -->
<!-- 3. Install the "WordPress" importer from the list. -->
<!-- 4. Activate & Run Importer. -->
<!-- 5. Upload this file using the form provided on that page. -->
<!-- 6. You will first be asked to map the authors in this export file to users -->
<!--    on the site. For each author, you may choose to map to an -->
<!--    existing user on the site or to create a new user. -->
<!-- 7. WordPress will then import each of the posts, pages, comments, categories, etc. -->
<!--    contained in this file into your site. -->

	<!-- generator="WordPress/5.7.2" created="2021-07-14 10:27" -->
<rss version="2.0"
	xmlns:excerpt="http://wordpress.org/export/1.2/excerpt/"
	xmlns:content="http://purl.org/rss/1.0/modules/content/"
	xmlns:wfw="http://wellformedweb.org/CommentAPI/"
	xmlns:dc="http://purl.org/dc/elements/1.1/"
	xmlns:wp="http://wordpress.org/export/1.2/"
>

<channel>
	<title>Golden Holiday Villas</title>
	<link>https://golden.rentivo.com</link>
	<description>Luxury beach villas for couples, families &#38; corporate retreats</description>
	<pubDate>Wed, 14 Jul 2021 10:27:43 +0000</pubDate>
	<language>en-US</language>
	<wp:wxr_version>1.2</wp:wxr_version>
	<wp:base_site_url>https://golden.rentivo.com</wp:base_site_url>
	<wp:base_blog_url>https://golden.rentivo.com</wp:base_blog_url>

		<wp:author><wp:author_id>1</wp:author_id><wp:author_login><![CDATA[rentivo]]></wp:author_login><wp:author_email><![CDATA[danny@rentivo.com]]></wp:author_email><wp:author_display_name><![CDATA[rentivo]]></wp:author_display_name><wp:author_first_name><![CDATA[]]></wp:author_first_name><wp:author_last_name><![CDATA[]]></wp:author_last_name></wp:author>

				
	<generator>https://wordpress.org/?v=5.7.2</generator>

		<item>
		<title><![CDATA[Lorem ipsum dolor sit amet]]></title>
		<link>https://golden.rentivo.com/hello-world/</link>
		<pubDate>Fri, 25 Jun 2021 08:25:36 +0000</pubDate>
		<dc:creator><![CDATA[rentivo]]></dc:creator>
		<guid isPermaLink="false">http://golden.rentivo.com/?p=1</guid>
		<description></description>
		<content:encoded><![CDATA[<!-- wp:paragraph -->
<p>Id interdum velit laoreet id donec ultrices tincidunt arcu non. At urna condimentum mattis pellentesque id nibh tortor id. Tempus quam pellentesque nec nam aliquam sem et tortor. Urna cursus eget nunc scelerisque. Non nisi est sit amet facilisis. Nullam ac tortor vitae purus faucibus. Tempus imperdiet nulla malesuada pellentesque elit eget gravida cum sociis. Sagittis eu volutpat odio facilisis mauris. Volutpat commodo sed egestas egestas fringilla phasellus. At quis risus sed vulputate odio ut enim. Amet consectetur adipiscing elit ut aliquam purus sit amet. Erat velit scelerisque in dictum. Sollicitudin nibh sit amet commodo nulla facilisi. Tortor consequat id porta nibh venenatis cras sed felis eget. Ipsum dolor sit amet consectetur adipiscing elit duis tristique sollicitudin. Pharetra convallis posuere morbi leo urna molestie at. Dictum varius duis at consectetur lorem. Vel turpis nunc eget lorem dolor. Lorem ipsum dolor sit amet consectetur adipiscing elit ut aliquam. Diam quis enim lobortis scelerisque fermentum.</p>
<!-- /wp:paragraph -->

<!-- wp:paragraph -->
<p>Nibh venenatis cras sed felis eget velit. Suspendisse sed nisi lacus sed viverra tellus. Ultrices gravida dictum fusce ut placerat orci nulla pellentesque. Odio aenean sed adipiscing diam donec adipiscing. Elit at imperdiet dui accumsan sit amet nulla facilisi. Ornare lectus sit amet est. Viverra suspendisse potenti nullam ac tortor. Mattis ullamcorper velit sed ullamcorper morbi. Bibendum enim facilisis gravida neque convallis a cras semper. Dolor sit amet consectetur adipiscing elit ut aliquam purus. Ut morbi tincidunt augue interdum velit euismod in pellentesque. Turpis in eu mi bibendum neque egestas congue.</p>
<!-- /wp:paragraph -->

<!-- wp:paragraph -->
<p>Nibh tellus molestie nunc non. Platea dictumst vestibulum rhoncus est pellentesque elit ullamcorper dignissim cras. Tempor commodo ullamcorper a lacus vestibulum sed arcu non. Massa vitae tortor condimentum lacinia quis vel. Gravida rutrum quisque non tellus orci ac auctor augue mauris. Porta non pulvinar neque laoreet suspendisse interdum consectetur. Eleifend donec pretium vulputate sapien nec. Posuere ac ut consequat semper. Purus non enim praesent elementum facilisis. Et malesuada fames ac turpis egestas maecenas. Sed nisi lacus sed viverra tellus in hac habitasse platea. Consectetur adipiscing elit pellentesque habitant morbi tristique senectus. Tempor nec feugiat nisl pretium fusce id velit. Nulla pellentesque dignissim enim sit. Tincidunt ornare massa eget egestas. Sed libero enim sed faucibus turpis.</p>
<!-- /wp:paragraph -->]]></content:encoded>
		<excerpt:encoded><![CDATA[]]></excerpt:encoded>
		<wp:post_id>1</wp:post_id>
		<wp:post_date><![CDATA[2021-06-25 08:25:36]]></wp:post_date>
		<wp:post_date_gmt><![CDATA[2021-06-25 08:25:36]]></wp:post_date_gmt>
		<wp:post_modified><![CDATA[2021-06-25 09:59:47]]></wp:post_modified>
		<wp:post_modified_gmt><![CDATA[2021-06-25 09:59:47]]></wp:post_modified_gmt>
		<wp:comment_status><![CDATA[open]]></wp:comment_status>
		<wp:ping_status><![CDATA[open]]></wp:ping_status>
		<wp:post_name><![CDATA[hello-world]]></wp:post_name>
		<wp:status><![CDATA[publish]]></wp:status>
		<wp:post_parent>0</wp:post_parent>
		<wp:menu_order>0</wp:menu_order>
		<wp:post_type><![CDATA[post]]></wp:post_type>
		<wp:post_password><![CDATA[]]></wp:post_password>
		<wp:is_sticky>0</wp:is_sticky>
										<category domain="category" nicename="destinations"><![CDATA[Destinations]]></category>
		<category domain="language" nicename="en"><![CDATA[English]]></category>
		<category domain="post_tag" nicename="island"><![CDATA[Island]]></category>
						<wp:postmeta>
		<wp:meta_key><![CDATA[inline_featured_image]]></wp:meta_key>
		<wp:meta_value><![CDATA[0]]></wp:meta_value>
		</wp:postmeta>
							<wp:postmeta>
		<wp:meta_key><![CDATA[_thumbnail_id]]></wp:meta_key>
		<wp:meta_value><![CDATA[134]]></wp:meta_value>
		</wp:postmeta>
							<wp:postmeta>
		<wp:meta_key><![CDATA[_edit_last]]></wp:meta_key>
		<wp:meta_value><![CDATA[1]]></wp:meta_value>
		</wp:postmeta>
							<wp:postmeta>
		<wp:meta_key><![CDATA[show_page_header]]></wp:meta_key>
		<wp:meta_value><![CDATA[1]]></wp:meta_value>
		</wp:postmeta>
							<wp:postmeta>
		<wp:meta_key><![CDATA[_show_page_header]]></wp:meta_key>
		<wp:meta_value><![CDATA[field_5f2d294717e17]]></wp:meta_value>
		</wp:postmeta>
							<wp:postmeta>
		<wp:meta_key><![CDATA[seo_title]]></wp:meta_key>
		<wp:meta_value><![CDATA[]]></wp:meta_value>
		</wp:postmeta>
							<wp:postmeta>
		<wp:meta_key><![CDATA[_seo_title]]></wp:meta_key>
		<wp:meta_value><![CDATA[field_5e3d2cf147c16]]></wp:meta_value>
		</wp:postmeta>
							<wp:postmeta>
		<wp:meta_key><![CDATA[seo_meta_description]]></wp:meta_key>
		<wp:meta_value><![CDATA[]]></wp:meta_value>
		</wp:postmeta>
							<wp:postmeta>
		<wp:meta_key><![CDATA[_seo_meta_description]]></wp:meta_key>
		<wp:meta_value><![CDATA[field_5e3d2d0047c17]]></wp:meta_value>
		</wp:postmeta>
							<wp:postmeta>
		<wp:meta_key><![CDATA[element_parents]]></wp:meta_key>
		<wp:meta_value><![CDATA[]]></wp:meta_value>
		</wp:postmeta>
							<wp:postmeta>
		<wp:meta_key><![CDATA[_element_parents]]></wp:meta_key>
		<wp:meta_value><![CDATA[field_5e562f92d2a2b]]></wp:meta_value>
		</wp:postmeta>
							<wp:postmeta>
		<wp:meta_key><![CDATA[element_children]]></wp:meta_key>
		<wp:meta_value><![CDATA[]]></wp:meta_value>
		</wp:postmeta>
							<wp:postmeta>
		<wp:meta_key><![CDATA[_element_children]]></wp:meta_key>
		<wp:meta_value><![CDATA[field_5e562fbfd2a2c]]></wp:meta_value>
		</wp:postmeta>
							<wp:postmeta>
		<wp:meta_key><![CDATA[external_is_external]]></wp:meta_key>
		<wp:meta_value><![CDATA[0]]></wp:meta_value>
		</wp:postmeta>
							<wp:postmeta>
		<wp:meta_key><![CDATA[_external_is_external]]></wp:meta_key>
		<wp:meta_value><![CDATA[field_60c9c3ade5b24]]></wp:meta_value>
		</wp:postmeta>
							<wp:postmeta>
		<wp:meta_key><![CDATA[external]]></wp:meta_key>
		<wp:meta_value><![CDATA[]]></wp:meta_value>
		</wp:postmeta>
							<wp:postmeta>
		<wp:meta_key><![CDATA[_external]]></wp:meta_key>
		<wp:meta_value><![CDATA[field_60c9c32780cbb]]></wp:meta_value>
		</wp:postmeta>
							<wp:postmeta>
		<wp:meta_key><![CDATA[custom_fields]]></wp:meta_key>
		<wp:meta_value><![CDATA[]]></wp:meta_value>
		</wp:postmeta>
							<wp:postmeta>
		<wp:meta_key><![CDATA[_custom_fields]]></wp:meta_key>
		<wp:meta_value><![CDATA[field_60c9c0a026007]]></wp:meta_value>
		</wp:postmeta>
							</item>
					<item>
		<title><![CDATA[Urna cursus eget nunc scelerisque]]></title>
		<link>https://golden.rentivo.com/urna-cursus-eget-nunc-scelerisque/</link>
		<pubDate>Fri, 25 Jun 2021 09:57:32 +0000</pubDate>
		<dc:creator><![CDATA[rentivo]]></dc:creator>
		<guid isPermaLink="false">https://golden.rentivo.com/?p=142</guid>
		<description></description>
		<content:encoded><![CDATA[<!-- wp:paragraph -->
<p>Id interdum velit laoreet id donec ultrices tincidunt arcu non. At urna condimentum mattis pellentesque id nibh tortor id. Tempus quam pellentesque nec nam aliquam sem et tortor. Urna cursus eget nunc scelerisque. Non nisi est sit amet facilisis. Nullam ac tortor vitae purus faucibus. Tempus imperdiet nulla malesuada pellentesque elit eget gravida cum sociis. Sagittis eu volutpat odio facilisis mauris. Volutpat commodo sed egestas egestas fringilla phasellus. At quis risus sed vulputate odio ut enim. Amet consectetur adipiscing elit ut aliquam purus sit amet. Erat velit scelerisque in dictum. Sollicitudin nibh sit amet commodo nulla facilisi. Tortor consequat id porta nibh venenatis cras sed felis eget. Ipsum dolor sit amet consectetur adipiscing elit duis tristique sollicitudin. Pharetra convallis posuere morbi leo urna molestie at. Dictum varius duis at consectetur lorem. Vel turpis nunc eget lorem dolor. Lorem ipsum dolor sit amet consectetur adipiscing elit ut aliquam. Diam quis enim lobortis scelerisque fermentum.</p>
<!-- /wp:paragraph -->

<!-- wp:paragraph -->
<p>Nibh venenatis cras sed felis eget velit. Suspendisse sed nisi lacus sed viverra tellus. Ultrices gravida dictum fusce ut placerat orci nulla pellentesque. Odio aenean sed adipiscing diam donec adipiscing. Elit at imperdiet dui accumsan sit amet nulla facilisi. Ornare lectus sit amet est. Viverra suspendisse potenti nullam ac tortor. Mattis ullamcorper velit sed ullamcorper morbi. Bibendum enim facilisis gravida neque convallis a cras semper. Dolor sit amet consectetur adipiscing elit ut aliquam purus. Ut morbi tincidunt augue interdum velit euismod in pellentesque. Turpis in eu mi bibendum neque egestas congue.</p>
<!-- /wp:paragraph -->

<!-- wp:paragraph -->
<p>Nibh tellus molestie nunc non. Platea dictumst vestibulum rhoncus est pellentesque elit ullamcorper dignissim cras. Tempor commodo ullamcorper a lacus vestibulum sed arcu non. Massa vitae tortor condimentum lacinia quis vel. Gravida rutrum quisque non tellus orci ac auctor augue mauris. Porta non pulvinar neque laoreet suspendisse interdum consectetur. Eleifend donec pretium vulputate sapien nec. Posuere ac ut consequat semper. Purus non enim praesent elementum facilisis. Et malesuada fames ac turpis egestas maecenas. Sed nisi lacus sed viverra tellus in hac habitasse platea. Consectetur adipiscing elit pellentesque habitant morbi tristique senectus. Tempor nec feugiat nisl pretium fusce id velit. Nulla pellentesque dignissim enim sit. Tincidunt ornare massa eget egestas. Sed libero enim sed faucibus turpis.</p>
<!-- /wp:paragraph -->]]></content:encoded>
		<excerpt:encoded><![CDATA[]]></excerpt:encoded>
		<wp:post_id>142</wp:post_id>
		<wp:post_date><![CDATA[2021-06-25 09:57:32]]></wp:post_date>
		<wp:post_date_gmt><![CDATA[2021-06-25 09:57:32]]></wp:post_date_gmt>
		<wp:post_modified><![CDATA[2021-06-25 09:59:42]]></wp:post_modified>
		<wp:post_modified_gmt><![CDATA[2021-06-25 09:59:42]]></wp:post_modified_gmt>
		<wp:comment_status><![CDATA[open]]></wp:comment_status>
		<wp:ping_status><![CDATA[open]]></wp:ping_status>
		<wp:post_name><![CDATA[urna-cursus-eget-nunc-scelerisque]]></wp:post_name>
		<wp:status><![CDATA[publish]]></wp:status>
		<wp:post_parent>0</wp:post_parent>
		<wp:menu_order>0</wp:menu_order>
		<wp:post_type><![CDATA[post]]></wp:post_type>
		<wp:post_password><![CDATA[]]></wp:post_password>
		<wp:is_sticky>0</wp:is_sticky>
										<category domain="language" nicename="en"><![CDATA[English]]></category>
		<category domain="category" nicename="guides"><![CDATA[Guides]]></category>
		<category domain="post_tag" nicename="island"><![CDATA[Island]]></category>
						<wp:postmeta>
		<wp:meta_key><![CDATA[inline_featured_image]]></wp:meta_key>
		<wp:meta_value><![CDATA[0]]></wp:meta_value>
		</wp:postmeta>
							<wp:postmeta>
		<wp:meta_key><![CDATA[inline_featured_image]]></wp:meta_key>
		<wp:meta_value><![CDATA[0]]></wp:meta_value>
		</wp:postmeta>
							<wp:postmeta>
		<wp:meta_key><![CDATA[_thumbnail_id]]></wp:meta_key>
		<wp:meta_value><![CDATA[136]]></wp:meta_value>
		</wp:postmeta>
							<wp:postmeta>
		<wp:meta_key><![CDATA[_edit_last]]></wp:meta_key>
		<wp:meta_value><![CDATA[1]]></wp:meta_value>
		</wp:postmeta>
							<wp:postmeta>
		<wp:meta_key><![CDATA[show_page_header]]></wp:meta_key>
		<wp:meta_value><![CDATA[1]]></wp:meta_value>
		</wp:postmeta>
							<wp:postmeta>
		<wp:meta_key><![CDATA[_show_page_header]]></wp:meta_key>
		<wp:meta_value><![CDATA[field_5f2d294717e17]]></wp:meta_value>
		</wp:postmeta>
							<wp:postmeta>
		<wp:meta_key><![CDATA[seo_title]]></wp:meta_key>
		<wp:meta_value><![CDATA[]]></wp:meta_value>
		</wp:postmeta>
							<wp:postmeta>
		<wp:meta_key><![CDATA[_seo_title]]></wp:meta_key>
		<wp:meta_value><![CDATA[field_5e3d2cf147c16]]></wp:meta_value>
		</wp:postmeta>
							<wp:postmeta>
		<wp:meta_key><![CDATA[seo_meta_description]]></wp:meta_key>
		<wp:meta_value><![CDATA[]]></wp:meta_value>
		</wp:postmeta>
							<wp:postmeta>
		<wp:meta_key><![CDATA[_seo_meta_description]]></wp:meta_key>
		<wp:meta_value><![CDATA[field_5e3d2d0047c17]]></wp:meta_value>
		</wp:postmeta>
							<wp:postmeta>
		<wp:meta_key><![CDATA[element_parents]]></wp:meta_key>
		<wp:meta_value><![CDATA[]]></wp:meta_value>
		</wp:postmeta>
							<wp:postmeta>
		<wp:meta_key><![CDATA[_element_parents]]></wp:meta_key>
		<wp:meta_value><![CDATA[field_5e562f92d2a2b]]></wp:meta_value>
		</wp:postmeta>
							<wp:postmeta>
		<wp:meta_key><![CDATA[element_children]]></wp:meta_key>
		<wp:meta_value><![CDATA[]]></wp:meta_value>
		</wp:postmeta>
							<wp:postmeta>
		<wp:meta_key><![CDATA[_element_children]]></wp:meta_key>
		<wp:meta_value><![CDATA[field_5e562fbfd2a2c]]></wp:meta_value>
		</wp:postmeta>
							<wp:postmeta>
		<wp:meta_key><![CDATA[external_is_external]]></wp:meta_key>
		<wp:meta_value><![CDATA[0]]></wp:meta_value>
		</wp:postmeta>
							<wp:postmeta>
		<wp:meta_key><![CDATA[_external_is_external]]></wp:meta_key>
		<wp:meta_value><![CDATA[field_60c9c3ade5b24]]></wp:meta_value>
		</wp:postmeta>
							<wp:postmeta>
		<wp:meta_key><![CDATA[external]]></wp:meta_key>
		<wp:meta_value><![CDATA[]]></wp:meta_value>
		</wp:postmeta>
							<wp:postmeta>
		<wp:meta_key><![CDATA[_external]]></wp:meta_key>
		<wp:meta_value><![CDATA[field_60c9c32780cbb]]></wp:meta_value>
		</wp:postmeta>
							<wp:postmeta>
		<wp:meta_key><![CDATA[custom_fields]]></wp:meta_key>
		<wp:meta_value><![CDATA[]]></wp:meta_value>
		</wp:postmeta>
							<wp:postmeta>
		<wp:meta_key><![CDATA[_custom_fields]]></wp:meta_key>
		<wp:meta_value><![CDATA[field_60c9c0a026007]]></wp:meta_value>
		</wp:postmeta>
							</item>
					<item>
		<title><![CDATA[Dolor sit amet consectetur adipiscing]]></title>
		<link>https://golden.rentivo.com/dolor-sit-amet-consectetur-adipiscing/</link>
		<pubDate>Fri, 25 Jun 2021 09:58:33 +0000</pubDate>
		<dc:creator><![CDATA[rentivo]]></dc:creator>
		<guid isPermaLink="false">https://golden.rentivo.com/?p=147</guid>
		<description></description>
		<content:encoded><![CDATA[<!-- wp:paragraph -->
<p>Id interdum velit laoreet id donec ultrices tincidunt arcu non. At urna condimentum mattis pellentesque id nibh tortor id. Tempus quam pellentesque nec nam aliquam sem et tortor. Urna cursus eget nunc scelerisque. Non nisi est sit amet facilisis. Nullam ac tortor vitae purus faucibus. Tempus imperdiet nulla malesuada pellentesque elit eget gravida cum sociis. Sagittis eu volutpat odio facilisis mauris. Volutpat commodo sed egestas egestas fringilla phasellus. At quis risus sed vulputate odio ut enim. Amet consectetur adipiscing elit ut aliquam purus sit amet. Erat velit scelerisque in dictum. Sollicitudin nibh sit amet commodo nulla facilisi. Tortor consequat id porta nibh venenatis cras sed felis eget. Ipsum dolor sit amet consectetur adipiscing elit duis tristique sollicitudin. Pharetra convallis posuere morbi leo urna molestie at. Dictum varius duis at consectetur lorem. Vel turpis nunc eget lorem dolor. Lorem ipsum dolor sit amet consectetur adipiscing elit ut aliquam. Diam quis enim lobortis scelerisque fermentum.</p>
<!-- /wp:paragraph -->

<!-- wp:paragraph -->
<p>Nibh venenatis cras sed felis eget velit. Suspendisse sed nisi lacus sed viverra tellus. Ultrices gravida dictum fusce ut placerat orci nulla pellentesque. Odio aenean sed adipiscing diam donec adipiscing. Elit at imperdiet dui accumsan sit amet nulla facilisi. Ornare lectus sit amet est. Viverra suspendisse potenti nullam ac tortor. Mattis ullamcorper velit sed ullamcorper morbi. Bibendum enim facilisis gravida neque convallis a cras semper. Dolor sit amet consectetur adipiscing elit ut aliquam purus. Ut morbi tincidunt augue interdum velit euismod in pellentesque. Turpis in eu mi bibendum neque egestas congue.</p>
<!-- /wp:paragraph -->

<!-- wp:paragraph -->
<p>Nibh tellus molestie nunc non. Platea dictumst vestibulum rhoncus est pellentesque elit ullamcorper dignissim cras. Tempor commodo ullamcorper a lacus vestibulum sed arcu non. Massa vitae tortor condimentum lacinia quis vel. Gravida rutrum quisque non tellus orci ac auctor augue mauris. Porta non pulvinar neque laoreet suspendisse interdum consectetur. Eleifend donec pretium vulputate sapien nec. Posuere ac ut consequat semper. Purus non enim praesent elementum facilisis. Et malesuada fames ac turpis egestas maecenas. Sed nisi lacus sed viverra tellus in hac habitasse platea. Consectetur adipiscing elit pellentesque habitant morbi tristique senectus. Tempor nec feugiat nisl pretium fusce id velit. Nulla pellentesque dignissim enim sit. Tincidunt ornare massa eget egestas. Sed libero enim sed faucibus turpis.</p>
<!-- /wp:paragraph -->]]></content:encoded>
		<excerpt:encoded><![CDATA[]]></excerpt:encoded>
		<wp:post_id>147</wp:post_id>
		<wp:post_date><![CDATA[2021-06-25 09:58:33]]></wp:post_date>
		<wp:post_date_gmt><![CDATA[2021-06-25 09:58:33]]></wp:post_date_gmt>
		<wp:post_modified><![CDATA[2021-06-25 09:59:33]]></wp:post_modified>
		<wp:post_modified_gmt><![CDATA[2021-06-25 09:59:33]]></wp:post_modified_gmt>
		<wp:comment_status><![CDATA[open]]></wp:comment_status>
		<wp:ping_status><![CDATA[open]]></wp:ping_status>
		<wp:post_name><![CDATA[dolor-sit-amet-consectetur-adipiscing]]></wp:post_name>
		<wp:status><![CDATA[publish]]></wp:status>
		<wp:post_parent>0</wp:post_parent>
		<wp:menu_order>0</wp:menu_order>
		<wp:post_type><![CDATA[post]]></wp:post_type>
		<wp:post_password><![CDATA[]]></wp:post_password>
		<wp:is_sticky>0</wp:is_sticky>
										<category domain="category" nicename="accommodation"><![CDATA[Accommodation]]></category>
		<category domain="language" nicename="en"><![CDATA[English]]></category>
		<category domain="post_tag" nicename="sea"><![CDATA[Sea]]></category>
						<wp:postmeta>
		<wp:meta_key><![CDATA[inline_featured_image]]></wp:meta_key>
		<wp:meta_value><![CDATA[0]]></wp:meta_value>
		</wp:postmeta>
							<wp:postmeta>
		<wp:meta_key><![CDATA[inline_featured_image]]></wp:meta_key>
		<wp:meta_value><![CDATA[0]]></wp:meta_value>
		</wp:postmeta>
							<wp:postmeta>
		<wp:meta_key><![CDATA[inline_featured_image]]></wp:meta_key>
		<wp:meta_value><![CDATA[0]]></wp:meta_value>
		</wp:postmeta>
							<wp:postmeta>
		<wp:meta_key><![CDATA[_thumbnail_id]]></wp:meta_key>
		<wp:meta_value><![CDATA[138]]></wp:meta_value>
		</wp:postmeta>
							<wp:postmeta>
		<wp:meta_key><![CDATA[_edit_last]]></wp:meta_key>
		<wp:meta_value><![CDATA[1]]></wp:meta_value>
		</wp:postmeta>
							<wp:postmeta>
		<wp:meta_key><![CDATA[show_page_header]]></wp:meta_key>
		<wp:meta_value><![CDATA[1]]></wp:meta_value>
		</wp:postmeta>
							<wp:postmeta>
		<wp:meta_key><![CDATA[_show_page_header]]></wp:meta_key>
		<wp:meta_value><![CDATA[field_5f2d294717e17]]></wp:meta_value>
		</wp:postmeta>
							<wp:postmeta>
		<wp:meta_key><![CDATA[seo_title]]></wp:meta_key>
		<wp:meta_value><![CDATA[]]></wp:meta_value>
		</wp:postmeta>
							<wp:postmeta>
		<wp:meta_key><![CDATA[_seo_title]]></wp:meta_key>
		<wp:meta_value><![CDATA[field_5e3d2cf147c16]]></wp:meta_value>
		</wp:postmeta>
							<wp:postmeta>
		<wp:meta_key><![CDATA[seo_meta_description]]></wp:meta_key>
		<wp:meta_value><![CDATA[]]></wp:meta_value>
		</wp:postmeta>
							<wp:postmeta>
		<wp:meta_key><![CDATA[_seo_meta_description]]></wp:meta_key>
		<wp:meta_value><![CDATA[field_5e3d2d0047c17]]></wp:meta_value>
		</wp:postmeta>
							<wp:postmeta>
		<wp:meta_key><![CDATA[element_parents]]></wp:meta_key>
		<wp:meta_value><![CDATA[]]></wp:meta_value>
		</wp:postmeta>
							<wp:postmeta>
		<wp:meta_key><![CDATA[_element_parents]]></wp:meta_key>
		<wp:meta_value><![CDATA[field_5e562f92d2a2b]]></wp:meta_value>
		</wp:postmeta>
							<wp:postmeta>
		<wp:meta_key><![CDATA[element_children]]></wp:meta_key>
		<wp:meta_value><![CDATA[]]></wp:meta_value>
		</wp:postmeta>
							<wp:postmeta>
		<wp:meta_key><![CDATA[_element_children]]></wp:meta_key>
		<wp:meta_value><![CDATA[field_5e562fbfd2a2c]]></wp:meta_value>
		</wp:postmeta>
							<wp:postmeta>
		<wp:meta_key><![CDATA[external_is_external]]></wp:meta_key>
		<wp:meta_value><![CDATA[0]]></wp:meta_value>
		</wp:postmeta>
							<wp:postmeta>
		<wp:meta_key><![CDATA[_external_is_external]]></wp:meta_key>
		<wp:meta_value><![CDATA[field_60c9c3ade5b24]]></wp:meta_value>
		</wp:postmeta>
							<wp:postmeta>
		<wp:meta_key><![CDATA[external]]></wp:meta_key>
		<wp:meta_value><![CDATA[]]></wp:meta_value>
		</wp:postmeta>
							<wp:postmeta>
		<wp:meta_key><![CDATA[_external]]></wp:meta_key>
		<wp:meta_value><![CDATA[field_60c9c32780cbb]]></wp:meta_value>
		</wp:postmeta>
							<wp:postmeta>
		<wp:meta_key><![CDATA[custom_fields]]></wp:meta_key>
		<wp:meta_value><![CDATA[]]></wp:meta_value>
		</wp:postmeta>
							<wp:postmeta>
		<wp:meta_key><![CDATA[_custom_fields]]></wp:meta_key>
		<wp:meta_value><![CDATA[field_60c9c0a026007]]></wp:meta_value>
		</wp:postmeta>
							</item>
				</channel>
</rss>
	